00:00 +0: loading C:/Users/ADMIN/Desktop/CocEnglish/apps/mobile/test/english_journey_test.dart
00:00 +0: practice opens Roleplay, submits native input, and reviews the actual replies
══╡ EXCEPTION CAUGHT BY REFERENCE ILLUSTRATION ╞════════════════════════════════════════════════════
The following assertion was thrown:
Unable to load asset: "assets/reference_art/roleplay-scene.png".
The asset does not exist or has empty data.

When the exception was thrown, this was the stack:
#0      PlatformAssetBundle.load (package:flutter/src/services/asset_bundle.dart:340:7)
#1      PlatformAssetBundle.loadBuffer (package:flutter/src/services/asset_bundle.dart:367:36)
#2      AssetBundleImageProvider._loadAsync (package:flutter/src/painting/image_provider.dart:787:33)
#3      AssetBundleImageProvider.loadImage (package:flutter/src/painting/image_provider.dart:747:14)
#4      ImageProvider.resolveStreamForKey.<anonymous closure> (package:flutter/src/painting/image_provider.dart:550:39)
#5      ImageCache.putIfAbsent (package:flutter/src/painting/image_cache.dart:368:22)
#6      ImageProvider.resolveStreamForKey (package:flutter/src/painting/image_provider.dart:547:81)
#7      ImageProvider.resolve.<anonymous closure> (package:flutter/src/painting/image_provider.dart:383:9)
#8      ImageProvider._createErrorHandlerAndKey.<anonymous closure> (package:flutter/src/painting/image_provider.dart:503:28)
#9      SynchronousFuture.then (package:flutter/src/foundation/synchronous_future.dart:44:27)
#10     ImageProvider._createErrorHandlerAndKey (package:flutter/src/painting/image_provider.dart:500:10)
#11     ImageProvider.resolve (package:flutter/src/painting/image_provider.dart:380:5)
#12     _ReferenceArtState._resolve (package:cocenglish/core/design/reference_art.dart:163:10)
#13     _ReferenceArtState.didChangeDependencies (package:cocenglish/core/design/reference_art.dart:152:5)
#14     StatefulElement._firstBuild (package:flutter/src/widgets/framework.dart:5981:11)
#15     ComponentElement.mount (package:flutter/src/widgets/framework.dart:5806:5)
#16     Element.inflateWidget (package:flutter/src/widgets/framework.dart:4600:20)
#17     MultiChildRenderObjectElement.inflateWidget (package:flutter/src/widgets/framework.dart:7277:36)
#18     MultiChildRenderObjectElement.mount (package:flutter/src/widgets/framework.dart:7292:32)
...     Normal element mounting (105 frames)
#123    Element.inflateWidget (package:flutter/src/widgets/framework.dart:4600:20)
#124    MultiChildRenderObjectElement.inflateWidget (package:flutter/src/widgets/framework.dart:7277:36)
#125    MultiChildRenderObjectElement.mount (package:flutter/src/widgets/framework.dart:7292:32)
...     Normal element mounting (40 frames)
#165    Element.inflateWidget (package:flutter/src/widgets/framework.dart:4600:20)
#166    MultiChildRenderObjectElement.inflateWidget (package:flutter/src/widgets/framework.dart:7277:36)
#167    MultiChildRenderObjectElement.mount (package:flutter/src/widgets/framework.dart:7292:32)
...     Normal element mounting (111 frames)
#278    ConsumerStatefulElement.mount (package:flutter_riverpod/src/core/consumer.dart:389:11)
...     Normal element mounting (166 frames)
#444    Element.inflateWidget (package:flutter/src/widgets/framework.dart:4600:20)
#445    MultiChildRenderObjectElement.inflateWidget (package:flutter/src/widgets/framework.dart:7277:36)
#446    Element.updateChild (package:flutter/src/widgets/framework.dart:4072:18)
#447    Element.updateChildren (package:flutter/src/widgets/framework.dart:4268:32)
#448    MultiChildRenderObjectElement.update (package:flutter/src/widgets/framework.dart:7308:17)
#449    Element.updateChild (package:flutter/src/widgets/framework.dart:4050:15)
#450    ComponentElement.performRebuild (package:flutter/src/widgets/framework.dart:5854:16)
#451    StatefulElement.performRebuild (package:flutter/src/widgets/framework.dart:5995:11)
#452    Element.rebuild (package:flutter/src/widgets/framework.dart:5542:7)
#453    StatefulElement.update (package:flutter/src/widgets/framework.dart:6020:5)
#454    Element.updateChild (package:flutter/src/widgets/framework.dart:4050:15)
#455    ComponentElement.performRebuild (package:flutter/src/widgets/framework.dart:5854:16)
#456    Element.rebuild (package:flutter/src/widgets/framework.dart:5542:7)
#457    ProxyElement.update (package:flutter/src/widgets/framework.dart:6162:5)
#458    Element.updateChild (package:flutter/src/widgets/framework.dart:4050:15)
#459    ComponentElement.performRebuild (package:flutter/src/widgets/framework.dart:5854:16)
#460    Element.rebuild (package:flutter/src/widgets/framework.dart:5542:7)
#461    ProxyElement.update (package:flutter/src/widgets/framework.dart:6162:5)
#462    _InheritedNotifierElement.update (package:flutter/src/widgets/inherited_notifier.dart:108:11)
#463    Element.updateChild (package:flutter/src/widgets/framework.dart:4050:15)
#464    ComponentElement.performRebuild (package:flutter/src/widgets/framework.dart:5854:16)
#465    StatefulElement.performRebuild (package:flutter/src/widgets/framework.dart:5995:11)
#466    Element.rebuild (package:flutter/src/widgets/framework.dart:5542:7)
#467    StatefulElement.update (package:flutter/src/widgets/framework.dart:6020:5)
#468    Element.updateChild (package:flutter/src/widgets/framework.dart:4050:15)
#469    ComponentElement.performRebuild (package:flutter/src/widgets/framework.dart:5854:16)
#470    Element.rebuild (package:flutter/src/widgets/framework.dart:5542:7)
#471    ProxyElement.update (package:flutter/src/widgets/framework.dart:6162:5)
#472    _InheritedNotifierElement.update (package:flutter/src/widgets/inherited_notifier.dart:108:11)
#473    Element.updateChild (package:flutter/src/widgets/framework.dart:4050:15)
#474    ComponentElement.performRebuild (package:flutter/src/widgets/framework.dart:5854:16)
#475    StatefulElement.performRebuild (package:flutter/src/widgets/framework.dart:5995:11)
#476    Element.rebuild (package:flutter/src/widgets/framework.dart:5542:7)
#477    StatefulElement.update (package:flutter/src/widgets/framework.dart:6020:5)
#478    Element.updateChild (package:flutter/src/widgets/framework.dart:4050:15)
#479    ComponentElement.performRebuild (package:flutter/src/widgets/framework.dart:5854:16)
#480    StatefulElement.performRebuild (package:flutter/src/widgets/framework.dart:5995:11)
#481    Element.rebuild (package:flutter/src/widgets/framework.dart:5542:7)
#482    StatefulElement.update (package:flutter/src/widgets/framework.dart:6020:5)
#483    Element.updateChild (package:flutter/src/widgets/framework.dart:4050:15)
#484    SingleChildRenderObjectElement.update (package:flutter/src/widgets/framework.dart:7135:14)
#485    Element.updateChild (package:flutter/src/widgets/framework.dart:4050:15)
#486    SingleChildRenderObjectElement.update (package:flutter/src/widgets/framework.dart:7135:14)
#487    Element.updateChild (package:flutter/src/widgets/framework.dart:4050:15)
#488    ComponentElement.performRebuild (package:flutter/src/widgets/framework.dart:5854:16)
#489    Element.rebuild (package:flutter/src/widgets/framework.dart:5542:7)
#490    ProxyElement.update (package:flutter/src/widgets/framework.dart:6162:5)
#491    Element.updateChild (package:flutter/src/widgets/framework.dart:4050:15)
#492    ComponentElement.performRebuild (package:flutter/src/widgets/framework.dart:5854:16)
#493    Element.rebuild (package:flutter/src/widgets/framework.dart:5542:7)
#494    ProxyElement.update (package:flutter/src/widgets/framework.dart:6162:5)
#495    Element.updateChild (package:flutter/src/widgets/framework.dart:4050:15)
#496    ComponentElement.performRebuild (package:flutter/src/widgets/framework.dart:5854:16)
#497    StatefulElement.performRebuild (package:flutter/src/widgets/framework.dart:5995:11)
#498    Element.rebuild (package:flutter/src/widgets/framework.dart:5542:7)
#499    StatefulElement.update (package:flutter/src/widgets/framework.dart:6020:5)
#500    Element.updateChild (package:flutter/src/widgets/framework.dart:4050:15)
#501    ComponentElement.performRebuild (package:flutter/src/widgets/framework.dart:5854:16)
#502    Element.rebuild (package:flutter/src/widgets/framework.dart:5542:7)
#503    ProxyElement.update (package:flutter/src/widgets/framework.dart:6162:5)
#504    Element.updateChild (package:flutter/src/widgets/framework.dart:4050:15)
#505    ComponentElement.performRebuild (package:flutter/src/widgets/framework.dart:5854:16)
#506    Element.rebuild (package:flutter/src/widgets/framework.dart:5542:7)
#507    ProxyElement.update (package:flutter/src/widgets/framework.dart:6162:5)
#508    _InheritedNotifierElement.update (package:flutter/src/widgets/inherited_notifier.dart:108:11)
#509    Element.updateChild (package:flutter/src/widgets/framework.dart:4050:15)
#510    ComponentElement.performRebuild (package:flutter/src/widgets/framework.dart:5854:16)
#511    StatefulElement.performRebuild (package:flutter/src/widgets/framework.dart:5995:11)
#512    Element.rebuild (package:flutter/src/widgets/framework.dart:5542:7)
#513    StatefulElement.update (package:flutter/src/widgets/framework.dart:6020:5)
#514    Element.updateChild (package:flutter/src/widgets/framework.dart:4050:15)
#515    ComponentElement.performRebuild (package:flutter/src/widgets/framework.dart:5854:16)
#516    Element.rebuild (package:flutter/src/widgets/framework.dart:5542:7)
#517    ProxyElement.update (package:flutter/src/widgets/framework.dart:6162:5)
#518    Element.updateChild (package:flutter/src/widgets/framework.dart:4050:15)
#519    ComponentElement.performRebuild (package:flutter/src/widgets/framework.dart:5854:16)
#520    Element.rebuild (package:flutter/src/widgets/framework.dart:5542:7)
#521    StatelessElement.update (package:flutter/src/widgets/framework.dart:5908:5)
#522    Element.updateChild (package:flutter/src/widgets/framework.dart:4050:15)
#523    ComponentElement.performRebuild (package:flutter/src/widgets/framework.dart:5854:16)
#524    Element.rebuild (package:flutter/src/widgets/framework.dart:5542:7)
#525    ProxyElement.update (package:flutter/src/widgets/framework.dart:6162:5)
#526    Element.updateChild (package:flutter/src/widgets/framework.dart:4050:15)
#527    ComponentElement.performRebuild (package:flutter/src/widgets/framework.dart:5854:16)
#528    Element.rebuild (package:flutter/src/widgets/framework.dart:5542:7)
#529    ProxyElement.update (package:flutter/src/widgets/framework.dart:6162:5)
#530    Element.updateChild (package:flutter/src/widgets/framework.dart:4050:15)
#531    ComponentElement.performRebuild (package:flutter/src/widgets/framework.dart:5854:16)
#532    StatefulElement.performRebuild (package:flutter/src/widgets/framework.dart:5995:11)
#533    Element.rebuild (package:flutter/src/widgets/framework.dart:5542:7)
#534    BuildScope._tryRebuild (package:flutter/src/widgets/framework.dart:2763:15)
#535    BuildScope._flushDirtyElements (package:flutter/src/widgets/framework.dart:2820:11)
#536    BuildOwner.buildScope (package:flutter/src/widgets/framework.dart:3124:18)
#537    AutomatedTestWidgetsFlutterBinding.drawFrame (package:flutter_test/src/binding.dart:2432:19)
#538    RendererBinding._handlePersistentFrameCallback (package:flutter/src/rendering/binding.dart:558:5)
#539    SchedulerBinding._invokeFrameCallback (package:flutter/src/scheduler/binding.dart:1430:15)
#540    SchedulerBinding.handleDrawFrame (package:flutter/src/scheduler/binding.dart:1345:9)
#541    AutomatedTestWidgetsFlutterBinding.pump.<anonymous closure> (package:flutter_test/src/binding.dart:2261:9)
#544    TestAsyncUtils.guard (package:flutter_test/src/test_async_utils.dart:74:41)
#545    AutomatedTestWidgetsFlutterBinding.pump (package:flutter_test/src/binding.dart:2250:27)
#546    WidgetTester.pumpAndSettle.<anonymous closure> (package:flutter_test/src/widget_tester.dart:719:23)
#549    TestAsyncUtils.guard (package:flutter_test/src/test_async_utils.dart:74:41)
#550    WidgetTester.pumpAndSettle (package:flutter_test/src/widget_tester.dart:712:27)
#551    main.<anonymous closure> (file:///C:/Users/ADMIN/Desktop/CocEnglish/apps/mobile/test/english_journey_test.dart:27:20)
<asynchronous suspension>
#552    testWidgets.<anonymous closure>.<anonymous closure> (package:flutter_test/src/widget_tester.dart:192:15)
<asynchronous suspension>
#553    TestWidgetsFlutterBinding._runTestBody (package:flutter_test/src/binding.dart:1953:5)
<asynchronous suspension>
<asynchronous suspension>
(elided 5 frames from dart:async and package:stack_trace)
════════════════════════════════════════════════════════════════════════════════════════════════════
══╡ EXCEPTION CAUGHT BY REFERENCE ILLUSTRATION ╞════════════════════════════════════════════════════
The following assertion was thrown:
Unable to load asset: "assets/reference_art/roleplay-scene.png".
The asset does not exist or has empty data.

When the exception was thrown, this was the stack:
#0      PlatformAssetBundle.load (package:flutter/src/services/asset_bundle.dart:340:7)
#1      PlatformAssetBundle.loadBuffer (package:flutter/src/services/asset_bundle.dart:367:36)
#2      AssetBundleImageProvider._loadAsync (package:flutter/src/painting/image_provider.dart:787:33)
#3      AssetBundleImageProvider.loadImage (package:flutter/src/painting/image_provider.dart:747:14)
#4      ImageProvider.resolveStreamForKey.<anonymous closure> (package:flutter/src/painting/image_provider.dart:550:39)
#5      ImageCache.putIfAbsent (package:flutter/src/painting/image_cache.dart:368:22)
#6      ImageProvider.resolveStreamForKey (package:flutter/src/painting/image_provider.dart:547:81)
#7      ImageProvider.resolve.<anonymous closure> (package:flutter/src/painting/image_provider.dart:383:9)
#8      ImageProvider._createErrorHandlerAndKey.<anonymous closure> (package:flutter/src/painting/image_provider.dart:503:28)
#9      SynchronousFuture.then (package:flutter/src/foundation/synchronous_future.dart:44:27)
#10     ImageProvider._createErrorHandlerAndKey (package:flutter/src/painting/image_provider.dart:500:10)
#11     ImageProvider.resolve (package:flutter/src/painting/image_provider.dart:380:5)
#12     _ReferenceArtState._resolve (package:cocenglish/core/design/reference_art.dart:163:10)
#13     _ReferenceArtState.didChangeDependencies (package:cocenglish/core/design/reference_art.dart:152:5)
#14     StatefulElement._firstBuild (package:flutter/src/widgets/framework.dart:5981:11)
#15     ComponentElement.mount (package:flutter/src/widgets/framework.dart:5806:5)
#16     Element.inflateWidget (package:flutter/src/widgets/framework.dart:4600:20)
#17     MultiChildRenderObjectElement.inflateWidget (package:flutter/src/widgets/framework.dart:7277:36)
#18     MultiChildRenderObjectElement.mount (package:flutter/src/widgets/framework.dart:7292:32)
...     Normal element mounting (105 frames)
#123    Element.inflateWidget (package:flutter/src/widgets/framework.dart:4600:20)
#124    MultiChildRenderObjectElement.inflateWidget (package:flutter/src/widgets/framework.dart:7277:36)
#125    MultiChildRenderObjectElement.mount (package:flutter/src/widgets/framework.dart:7292:32)
...     Normal element mounting (40 frames)
#165    Element.inflateWidget (package:flutter/src/widgets/framework.dart:4600:20)
#166    MultiChildRenderObjectElement.inflateWidget (package:flutter/src/widgets/framework.dart:7277:36)
#167    MultiChildRenderObjectElement.mount (package:flutter/src/widgets/framework.dart:7292:32)
...     Normal element mounting (111 frames)
#278    ConsumerStatefulElement.mount (package:flutter_riverpod/src/core/consumer.dart:389:11)
...     Normal element mounting (166 frames)
#444    Element.inflateWidget (package:flutter/src/widgets/framework.dart:4600:20)
#445    MultiChildRenderObjectElement.inflateWidget (package:flutter/src/widgets/framework.dart:7277:36)
#446    Element.updateChild (package:flutter/src/widgets/framework.dart:4072:18)
#447    Element.updateChildren (package:flutter/src/widgets/framework.dart:4268:32)
#448    MultiChildRenderObjectElement.update (package:flutter/src/widgets/framework.dart:7308:17)
#449    Element.updateChild (package:flutter/src/widgets/framework.dart:4050:15)
#450    ComponentElement.performRebuild (package:flutter/src/widgets/framework.dart:5854:16)
#451    StatefulElement.performRebuild (package:flutter/src/widgets/framework.dart:5995:11)
#452    Element.rebuild (package:flutter/src/widgets/framework.dart:5542:7)
#453    StatefulElement.update (package:flutter/src/widgets/framework.dart:6020:5)
#454    Element.updateChild (package:flutter/src/widgets/framework.dart:4050:15)
#455    ComponentElement.performRebuild (package:flutter/src/widgets/framework.dart:5854:16)
#456    Element.rebuild (package:flutter/src/widgets/framework.dart:5542:7)
#457    ProxyElement.update (package:flutter/src/widgets/framework.dart:6162:5)
#458    Element.updateChild (package:flutter/src/widgets/framework.dart:4050:15)
#459    ComponentElement.performRebuild (package:flutter/src/widgets/framework.dart:5854:16)
#460    Element.rebuild (package:flutter/src/widgets/framework.dart:5542:7)
#461    ProxyElement.update (package:flutter/src/widgets/framework.dart:6162:5)
#462    _InheritedNotifierElement.update (package:flutter/src/widgets/inherited_notifier.dart:108:11)
#463    Element.updateChild (package:flutter/src/widgets/framework.dart:4050:15)
#464    ComponentElement.performRebuild (package:flutter/src/widgets/framework.dart:5854:16)
#465    StatefulElement.performRebuild (package:flutter/src/widgets/framework.dart:5995:11)
#466    Element.rebuild (package:flutter/src/widgets/framework.dart:5542:7)
#467    StatefulElement.update (package:flutter/src/widgets/framework.dart:6020:5)
#468    Element.updateChild (package:flutter/src/widgets/framework.dart:4050:15)
#469    ComponentElement.performRebuild (package:flutter/src/widgets/framework.dart:5854:16)
#470    Element.rebuild (package:flutter/src/widgets/framework.dart:5542:7)
#471    ProxyElement.update (package:flutter/src/widgets/framework.dart:6162:5)
#472    _InheritedNotifierElement.update (package:flutter/src/widgets/inherited_notifier.dart:108:11)
#473    Element.updateChild (package:flutter/src/widgets/framework.dart:4050:15)
#474    ComponentElement.performRebuild (package:flutter/src/widgets/framework.dart:5854:16)
#475    StatefulElement.performRebuild (package:flutter/src/widgets/framework.dart:5995:11)
#476    Element.rebuild (package:flutter/src/widgets/framework.dart:5542:7)
#477    StatefulElement.update (package:flutter/src/widgets/framework.dart:6020:5)
#478    Element.updateChild (package:flutter/src/widgets/framework.dart:4050:15)
#479    ComponentElement.performRebuild (package:flutter/src/widgets/framework.dart:5854:16)
#480    StatefulElement.performRebuild (package:flutter/src/widgets/framework.dart:5995:11)
#481    Element.rebuild (package:flutter/src/widgets/framework.dart:5542:7)
#482    StatefulElement.update (package:flutter/src/widgets/framework.dart:6020:5)
#483    Element.updateChild (package:flutter/src/widgets/framework.dart:4050:15)
#484    SingleChildRenderObjectElement.update (package:flutter/src/widgets/framework.dart:7135:14)
#485    Element.updateChild (package:flutter/src/widgets/framework.dart:4050:15)
#486    SingleChildRenderObjectElement.update (package:flutter/src/widgets/framework.dart:7135:14)
#487    Element.updateChild (package:flutter/src/widgets/framework.dart:4050:15)
#488    ComponentElement.performRebuild (package:flutter/src/widgets/framework.dart:5854:16)
#489    Element.rebuild (package:flutter/src/widgets/framework.dart:5542:7)
#490    ProxyElement.update (package:flutter/src/widgets/framework.dart:6162:5)
#491    Element.updateChild (package:flutter/src/widgets/framework.dart:4050:15)
#492    ComponentElement.performRebuild (package:flutter/src/widgets/framework.dart:5854:16)
#493    Element.rebuild (package:flutter/src/widgets/framework.dart:5542:7)
#494    ProxyElement.update (package:flutter/src/widgets/framework.dart:6162:5)
#495    Element.updateChild (package:flutter/src/widgets/framework.dart:4050:15)
#496    ComponentElement.performRebuild (package:flutter/src/widgets/framework.dart:5854:16)
#497    StatefulElement.performRebuild (package:flutter/src/widgets/framework.dart:5995:11)
#498    Element.rebuild (package:flutter/src/widgets/framework.dart:5542:7)
#499    StatefulElement.update (package:flutter/src/widgets/framework.dart:6020:5)
#500    Element.updateChild (package:flutter/src/widgets/framework.dart:4050:15)
#501    ComponentElement.performRebuild (package:flutter/src/widgets/framework.dart:5854:16)
#502    Element.rebuild (package:flutter/src/widgets/framework.dart:5542:7)
#503    ProxyElement.update (package:flutter/src/widgets/framework.dart:6162:5)
#504    Element.updateChild (package:flutter/src/widgets/framework.dart:4050:15)
#505    ComponentElement.performRebuild (package:flutter/src/widgets/framework.dart:5854:16)
#506    Element.rebuild (package:flutter/src/widgets/framework.dart:5542:7)
#507    ProxyElement.update (package:flutter/src/widgets/framework.dart:6162:5)
#508    _InheritedNotifierElement.update (package:flutter/src/widgets/inherited_notifier.dart:108:11)
#509    Element.updateChild (package:flutter/src/widgets/framework.dart:4050:15)
#510    ComponentElement.performRebuild (package:flutter/src/widgets/framework.dart:5854:16)
#511    StatefulElement.performRebuild (package:flutter/src/widgets/framework.dart:5995:11)
#512    Element.rebuild (package:flutter/src/widgets/framework.dart:5542:7)
#513    StatefulElement.update (package:flutter/src/widgets/framework.dart:6020:5)
#514    Element.updateChild (package:flutter/src/widgets/framework.dart:4050:15)
#515    ComponentElement.performRebuild (package:flutter/src/widgets/framework.dart:5854:16)
#516    Element.rebuild (package:flutter/src/widgets/framework.dart:5542:7)
#517    ProxyElement.update (package:flutter/src/widgets/framework.dart:6162:5)
#518    Element.updateChild (package:flutter/src/widgets/framework.dart:4050:15)
#519    ComponentElement.performRebuild (package:flutter/src/widgets/framework.dart:5854:16)
#520    Element.rebuild (package:flutter/src/widgets/framework.dart:5542:7)
#521    StatelessElement.update (package:flutter/src/widgets/framework.dart:5908:5)
#522    Element.updateChild (package:flutter/src/widgets/framework.dart:4050:15)
#523    ComponentElement.performRebuild (package:flutter/src/widgets/framework.dart:5854:16)
#524    Element.rebuild (package:flutter/src/widgets/framework.dart:5542:7)
#525    ProxyElement.update (package:flutter/src/widgets/framework.dart:6162:5)
#526    Element.updateChild (package:flutter/src/widgets/framework.dart:4050:15)
#527    ComponentElement.performRebuild (package:flutter/src/widgets/framework.dart:5854:16)
#528    Element.rebuild (package:flutter/src/widgets/framework.dart:5542:7)
#529    ProxyElement.update (package:flutter/src/widgets/framework.dart:6162:5)
#530    Element.updateChild (package:flutter/src/widgets/framework.dart:4050:15)
#531    ComponentElement.performRebuild (package:flutter/src/widgets/framework.dart:5854:16)
#532    StatefulElement.performRebuild (package:flutter/src/widgets/framework.dart:5995:11)
#533    Element.rebuild (package:flutter/src/widgets/framework.dart:5542:7)
#534    BuildScope._tryRebuild (package:flutter/src/widgets/framework.dart:2763:15)
#535    BuildScope._flushDirtyElements (package:flutter/src/widgets/framework.dart:2820:11)
#536    BuildOwner.buildScope (package:flutter/src/widgets/framework.dart:3124:18)
#537    AutomatedTestWidgetsFlutterBinding.drawFrame (package:flutter_test/src/binding.dart:2432:19)
#538    RendererBinding._handlePersistentFrameCallback (package:flutter/src/rendering/binding.dart:558:5)
#539    SchedulerBinding._invokeFrameCallback (package:flutter/src/scheduler/binding.dart:1430:15)
#540    SchedulerBinding.handleDrawFrame (package:flutter/src/scheduler/binding.dart:1345:9)
#541    AutomatedTestWidgetsFlutterBinding.pump.<anonymous closure> (package:flutter_test/src/binding.dart:2261:9)
#544    TestAsyncUtils.guard (package:flutter_test/src/test_async_utils.dart:74:41)
#545    AutomatedTestWidgetsFlutterBinding.pump (package:flutter_test/src/binding.dart:2250:27)
#546    WidgetTester.pumpAndSettle.<anonymous closure> (package:flutter_test/src/widget_tester.dart:719:23)
#549    TestAsyncUtils.guard (package:flutter_test/src/test_async_utils.dart:74:41)
#550    WidgetTester.pumpAndSettle (package:flutter_test/src/widget_tester.dart:712:27)
#551    main.<anonymous closure> (file:///C:/Users/ADMIN/Desktop/CocEnglish/apps/mobile/test/english_journey_test.dart:30:20)
<asynchronous suspension>
#552    testWidgets.<anonymous closure>.<anonymous closure> (package:flutter_test/src/widget_tester.dart:192:15)
<asynchronous suspension>
#553    TestWidgetsFlutterBinding._runTestBody (package:flutter_test/src/binding.dart:1953:5)
<asynchronous suspension>
<asynchronous suspension>
(elided 5 frames from dart:async and package:stack_trace)
════════════════════════════════════════════════════════════════════════════════════════════════════
══╡ EXCEPTION CAUGHT BY REFERENCE ILLUSTRATION ╞════════════════════════════════════════════════════
The following assertion was thrown:
Unable to load asset: "assets/reference_art/story-complete.png".
The asset does not exist or has empty data.

When the exception was thrown, this was the stack:
#0      PlatformAssetBundle.load (package:flutter/src/services/asset_bundle.dart:340:7)
#1      PlatformAssetBundle.loadBuffer (package:flutter/src/services/asset_bundle.dart:367:36)
#2      AssetBundleImageProvider._loadAsync (package:flutter/src/painting/image_provider.dart:787:33)
#3      AssetBundleImageProvider.loadImage (package:flutter/src/painting/image_provider.dart:747:14)
#4      ImageProvider.resolveStreamForKey.<anonymous closure> (package:flutter/src/painting/image_provider.dart:550:39)
#5      ImageCache.putIfAbsent (package:flutter/src/painting/image_cache.dart:368:22)
#6      ImageProvider.resolveStreamForKey (package:flutter/src/painting/image_provider.dart:547:81)
#7      ImageProvider.resolve.<anonymous closure> (package:flutter/src/painting/image_provider.dart:383:9)
#8      ImageProvider._createErrorHandlerAndKey.<anonymous closure> (package:flutter/src/painting/image_provider.dart:503:28)
#9      SynchronousFuture.then (package:flutter/src/foundation/synchronous_future.dart:44:27)
#10     ImageProvider._createErrorHandlerAndKey (package:flutter/src/painting/image_provider.dart:500:10)
#11     ImageProvider.resolve (package:flutter/src/painting/image_provider.dart:380:5)
#12     _ReferenceArtState._resolve (package:cocenglish/core/design/reference_art.dart:163:10)
#13     _ReferenceArtState.didChangeDependencies (package:cocenglish/core/design/reference_art.dart:152:5)
#14     StatefulElement._firstBuild (package:flutter/src/widgets/framework.dart:5981:11)
#15     ComponentElement.mount (package:flutter/src/widgets/framework.dart:5806:5)
...     Normal element mounting (12 frames)
#27     Element.inflateWidget (package:flutter/src/widgets/framework.dart:4600:20)
#28     MultiChildRenderObjectElement.inflateWidget (package:flutter/src/widgets/framework.dart:7277:36)
#29     MultiChildRenderObjectElement.mount (package:flutter/src/widgets/framework.dart:7292:32)
...     Normal element mounting (105 frames)
#134    Element.inflateWidget (package:flutter/src/widgets/framework.dart:4600:20)
#135    MultiChildRenderObjectElement.inflateWidget (package:flutter/src/widgets/framework.dart:7277:36)
#136    MultiChildRenderObjectElement.mount (package:flutter/src/widgets/framework.dart:7292:32)
...     Normal element mounting (40 frames)
#176    Element.inflateWidget (package:flutter/src/widgets/framework.dart:4600:20)
#177    MultiChildRenderObjectElement.inflateWidget (package:flutter/src/widgets/framework.dart:7277:36)
#178    MultiChildRenderObjectElement.mount (package:flutter/src/widgets/framework.dart:7292:32)
...     Normal element mounting (109 frames)
#287    Element.inflateWidget (package:flutter/src/widgets/framework.dart:4600:20)
#288    Element.updateChild (package:flutter/src/widgets/framework.dart:4066:20)
#289    ComponentElement.performRebuild (package:flutter/src/widgets/framework.dart:5854:16)
#290    StatefulElement.performRebuild (package:flutter/src/widgets/framework.dart:5995:11)
#291    Element.rebuild (package:flutter/src/widgets/framework.dart:5542:7)
#292    BuildScope._tryRebuild (package:flutter/src/widgets/framework.dart:2763:15)
#293    BuildScope._flushDirtyElements (package:flutter/src/widgets/framework.dart:2820:11)
#294    BuildOwner.buildScope (package:flutter/src/widgets/framework.dart:3124:18)
#295    AutomatedTestWidgetsFlutterBinding.drawFrame (package:flutter_test/src/binding.dart:2432:19)
#296    RendererBinding._handlePersistentFrameCallback (package:flutter/src/rendering/binding.dart:558:5)
#297    SchedulerBinding._invokeFrameCallback (package:flutter/src/scheduler/binding.dart:1430:15)
#298    SchedulerBinding.handleDrawFrame (package:flutter/src/scheduler/binding.dart:1345:9)
#299    AutomatedTestWidgetsFlutterBinding.pump.<anonymous closure> (package:flutter_test/src/binding.dart:2261:9)
#302    TestAsyncUtils.guard (package:flutter_test/src/test_async_utils.dart:74:41)
#303    AutomatedTestWidgetsFlutterBinding.pump (package:flutter_test/src/binding.dart:2250:27)
#304    WidgetTester.pumpAndSettle.<anonymous closure> (package:flutter_test/src/widget_tester.dart:719:23)
#307    TestAsyncUtils.guard (package:flutter_test/src/test_async_utils.dart:74:41)
#308    WidgetTester.pumpAndSettle (package:flutter_test/src/widget_tester.dart:712:27)
#309    main.<anonymous closure> (file:///C:/Users/ADMIN/Desktop/CocEnglish/apps/mobile/test/english_journey_test.dart:34:22)
<asynchronous suspension>
#310    testWidgets.<anonymous closure>.<anonymous closure> (package:flutter_test/src/widget_tester.dart:192:15)
<asynchronous suspension>
#311    TestWidgetsFlutterBinding._runTestBody (package:flutter_test/src/binding.dart:1953:5)
<asynchronous suspension>
<asynchronous suspension>
(elided 5 frames from dart:async and package:stack_trace)
════════════════════════════════════════════════════════════════════════════════════════════════════
══╡ EXCEPTION CAUGHT BY FLUTTER TEST FRAMEWORK ╞════════════════════════════════════════════════════
The following TestFailure was thrown running a test:
Expected: null
  Actual: 'Multiple exceptions (3) were detected during the running of the current test, and at
least one was unexpected.'

When the exception was thrown, this was the stack:
#4      main.<anonymous closure> (file:///C:/Users/ADMIN/Desktop/CocEnglish/apps/mobile/test/english_journey_test.dart:50:7)
<asynchronous suspension>
#5      testWidgets.<anonymous closure>.<anonymous closure> (package:flutter_test/src/widget_tester.dart:192:15)
<asynchronous suspension>
#6      TestWidgetsFlutterBinding._runTestBody (package:flutter_test/src/binding.dart:1953:5)
<asynchronous suspension>
<asynchronous suspension>
(elided one frame from package:stack_trace)

This was caught by the test expectation on the following line:
  file:///C:/Users/ADMIN/Desktop/CocEnglish/apps/mobile/test/english_journey_test.dart line 50
The test description was:
  practice opens Roleplay, submits native input, and reviews the actual replies
════════════════════════════════════════════════════════════════════════════════════════════════════
00:01 +0 -1: practice opens Roleplay, submits native input, and reviews the actual replies [E]
  Test failed. See exception logs above.
  The test description was: practice opens Roleplay, submits native input, and reviews the actual replies
  
00:01 +0 -1: English journey states fit width360.0 text1.0
══╡ EXCEPTION CAUGHT BY REFERENCE ILLUSTRATION ╞════════════════════════════════════════════════════
The following assertion was thrown:
Unable to load asset: "assets/reference_art/story-portrait.png".
The asset does not exist or has empty data.

When the exception was thrown, this was the stack:
#0      PlatformAssetBundle.load (package:flutter/src/services/asset_bundle.dart:340:7)
#1      PlatformAssetBundle.loadBuffer (package:flutter/src/services/asset_bundle.dart:367:36)
#2      AssetBundleImageProvider._loadAsync (package:flutter/src/painting/image_provider.dart:787:33)
#3      AssetBundleImageProvider.loadImage (package:flutter/src/painting/image_provider.dart:747:14)
#4      ImageProvider.resolveStreamForKey.<anonymous closure> (package:flutter/src/painting/image_provider.dart:550:39)
#5      ImageCache.putIfAbsent (package:flutter/src/painting/image_cache.dart:368:22)
#6      ImageProvider.resolveStreamForKey (package:flutter/src/painting/image_provider.dart:547:81)
#7      ImageProvider.resolve.<anonymous closure> (package:flutter/src/painting/image_provider.dart:383:9)
#8      ImageProvider._createErrorHandlerAndKey.<anonymous closure> (package:flutter/src/painting/image_provider.dart:503:28)
#9      SynchronousFuture.then (package:flutter/src/foundation/synchronous_future.dart:44:27)
#10     ImageProvider._createErrorHandlerAndKey (package:flutter/src/painting/image_provider.dart:500:10)
#11     ImageProvider.resolve (package:flutter/src/painting/image_provider.dart:380:5)
#12     _ReferenceArtState._resolve (package:cocenglish/core/design/reference_art.dart:163:10)
#13     _ReferenceArtState.didChangeDependencies (package:cocenglish/core/design/reference_art.dart:152:5)
#14     StatefulElement._firstBuild (package:flutter/src/widgets/framework.dart:5981:11)
#15     ComponentElement.mount (package:flutter/src/widgets/framework.dart:5806:5)
#16     Element.inflateWidget (package:flutter/src/widgets/framework.dart:4600:20)
#17     MultiChildRenderObjectElement.inflateWidget (package:flutter/src/widgets/framework.dart:7277:36)
#18     MultiChildRenderObjectElement.mount (package:flutter/src/widgets/framework.dart:7292:32)
#19     Element.inflateWidget (package:flutter/src/widgets/framework.dart:4600:20)
#20     MultiChildRenderObjectElement.inflateWidget (package:flutter/src/widgets/framework.dart:7277:36)
#21     MultiChildRenderObjectElement.mount (package:flutter/src/widgets/framework.dart:7292:32)
...     Normal element mounting (105 frames)
#126    Element.inflateWidget (package:flutter/src/widgets/framework.dart:4600:20)
#127    MultiChildRenderObjectElement.inflateWidget (package:flutter/src/widgets/framework.dart:7277:36)
#128    MultiChildRenderObjectElement.mount (package:flutter/src/widgets/framework.dart:7292:32)
...     Normal element mounting (40 frames)
#168    Element.inflateWidget (package:flutter/src/widgets/framework.dart:4600:20)
#169    MultiChildRenderObjectElement.inflateWidget (package:flutter/src/widgets/framework.dart:7277:36)
#170    MultiChildRenderObjectElement.mount (package:flutter/src/widgets/framework.dart:7292:32)
...     Normal element mounting (111 frames)
#281    ConsumerStatefulElement.mount (package:flutter_riverpod/src/core/consumer.dart:389:11)
...     Normal element mounting (260 frames)
#541    Element.inflateWidget (package:flutter/src/widgets/framework.dart:4600:20)
#542    MultiChildRenderObjectElement.inflateWidget (package:flutter/src/widgets/framework.dart:7277:36)
#543    MultiChildRenderObjectElement.mount (package:flutter/src/widgets/framework.dart:7292:32)
...     Normal element mounting (493 frames)
#1036   Element.inflateWidget (package:flutter/src/widgets/framework.dart:4600:20)
#1037   Element.updateChild (package:flutter/src/widgets/framework.dart:4066:20)
#1038   ComponentElement.performRebuild (package:flutter/src/widgets/framework.dart:5854:16)
#1039   Element.rebuild (package:flutter/src/widgets/framework.dart:5542:7)
#1040   ProxyElement.update (package:flutter/src/widgets/framework.dart:6162:5)
#1041   _InheritedNotifierElement.update (package:flutter/src/widgets/inherited_notifier.dart:108:11)
#1042   Element.updateChild (package:flutter/src/widgets/framework.dart:4050:15)
#1043   ComponentElement.performRebuild (package:flutter/src/widgets/framework.dart:5854:16)
#1044   StatefulElement.performRebuild (package:flutter/src/widgets/framework.dart:5995:11)
#1045   Element.rebuild (package:flutter/src/widgets/framework.dart:5542:7)
#1046   StatefulElement.update (package:flutter/src/widgets/framework.dart:6020:5)
#1047   Element.updateChild (package:flutter/src/widgets/framework.dart:4050:15)
#1048   ComponentElement.performRebuild (package:flutter/src/widgets/framework.dart:5854:16)
#1049   Element.rebuild (package:flutter/src/widgets/framework.dart:5542:7)
#1050   ProxyElement.update (package:flutter/src/widgets/framework.dart:6162:5)
#1051   _InheritedNotifierElement.update (package:flutter/src/widgets/inherited_notifier.dart:108:11)
#1052   Element.updateChild (package:flutter/src/widgets/framework.dart:4050:15)
#1053   ComponentElement.performRebuild (package:flutter/src/widgets/framework.dart:5854:16)
#1054   StatefulElement.performRebuild (package:flutter/src/widgets/framework.dart:5995:11)
#1055   Element.rebuild (package:flutter/src/widgets/framework.dart:5542:7)
#1056   StatefulElement.update (package:flutter/src/widgets/framework.dart:6020:5)
#1057   Element.updateChild (package:flutter/src/widgets/framework.dart:4050:15)
#1058   ComponentElement.performRebuild (package:flutter/src/widgets/framework.dart:5854:16)
#1059   StatefulElement.performRebuild (package:flutter/src/widgets/framework.dart:5995:11)
#1060   Element.rebuild (package:flutter/src/widgets/framework.dart:5542:7)
#1061   StatefulElement.update (package:flutter/src/widgets/framework.dart:6020:5)
#1062   Element.updateChild (package:flutter/src/widgets/framework.dart:4050:15)
#1063   ComponentElement.performRebuild (package:flutter/src/widgets/framework.dart:5854:16)
#1064   Element.rebuild (package:flutter/src/widgets/framework.dart:5542:7)
#1065   ProxyElement.update (package:flutter/src/widgets/framework.dart:6162:5)
#1066   Element.updateChild (package:flutter/src/widgets/framework.dart:4050:15)
#1067   ComponentElement.performRebuild (package:flutter/src/widgets/framework.dart:5854:16)
#1068   StatefulElement.performRebuild (package:flutter/src/widgets/framework.dart:5995:11)
#1069   Element.rebuild (package:flutter/src/widgets/framework.dart:5542:7)
#1070   StatefulElement.update (package:flutter/src/widgets/framework.dart:6020:5)
#1071   Element.updateChild (package:flutter/src/widgets/framework.dart:4050:15)
#1072   ComponentElement.performRebuild (package:flutter/src/widgets/framework.dart:5854:16)
#1073   Element.rebuild (package:flutter/src/widgets/framework.dart:5542:7)
#1074   ProxyElement.update (package:flutter/src/widgets/framework.dart:6162:5)
#1075   Element.updateChild (package:flutter/src/widgets/framework.dart:4050:15)
#1076   ComponentElement.performRebuild (package:flutter/src/widgets/framework.dart:5854:16)
#1077   Element.rebuild (package:flutter/src/widgets/framework.dart:5542:7)
#1078   ProxyElement.update (package:flutter/src/widgets/framework.dart:6162:5)
#1079   Element.updateChild (package:flutter/src/widgets/framework.dart:4050:15)
#1080   _RawViewElement._updateChild (package:flutter/src/widgets/view.dart:488:16)
#1081   _RawViewElement.update (package:flutter/src/widgets/view.dart:575:5)
#1082   Element.updateChild (package:flutter/src/widgets/framework.dart:4050:15)
#1083   ComponentElement.performRebuild (package:flutter/src/widgets/framework.dart:5854:16)
#1084   Element.rebuild (package:flutter/src/widgets/framework.dart:5542:7)
#1085   StatelessElement.update (package:flutter/src/widgets/framework.dart:5908:5)
#1086   Element.updateChild (package:flutter/src/widgets/framework.dart:4050:15)
#1087   ComponentElement.performRebuild (package:flutter/src/widgets/framework.dart:5854:16)
#1088   StatefulElement.performRebuild (package:flutter/src/widgets/framework.dart:5995:11)
#1089   Element.rebuild (package:flutter/src/widgets/framework.dart:5542:7)
#1090   StatefulElement.update (package:flutter/src/widgets/framework.dart:6020:5)
#1091   Element.updateChild (package:flutter/src/widgets/framework.dart:4050:15)
#1092   RootElement._rebuild (package:flutter/src/widgets/binding.dart:2091:16)
#1093   RootElement.update (package:flutter/src/widgets/binding.dart:2069:5)
#1094   RootElement.performRebuild (package:flutter/src/widgets/binding.dart:2083:7)
#1095   Element.rebuild (package:flutter/src/widgets/framework.dart:5542:7)
#1096   BuildScope._tryRebuild (package:flutter/src/widgets/framework.dart:2763:15)
#1097   BuildScope._flushDirtyElements (package:flutter/src/widgets/framework.dart:2820:11)
#1098   BuildOwner.buildScope (package:flutter/src/widgets/framework.dart:3124:18)
#1099   AutomatedTestWidgetsFlutterBinding.drawFrame (package:flutter_test/src/binding.dart:2432:19)
#1100   RendererBinding._handlePersistentFrameCallback (package:flutter/src/rendering/binding.dart:558:5)
#1101   SchedulerBinding._invokeFrameCallback (package:flutter/src/scheduler/binding.dart:1430:15)
#1102   SchedulerBinding.handleDrawFrame (package:flutter/src/scheduler/binding.dart:1345:9)
#1103   AutomatedTestWidgetsFlutterBinding.pump.<anonymous closure> (package:flutter_test/src/binding.dart:2261:9)
#1106   TestAsyncUtils.guard (package:flutter_test/src/test_async_utils.dart:74:41)
#1107   AutomatedTestWidgetsFlutterBinding.pump (package:flutter_test/src/binding.dart:2250:27)
#1108   WidgetTester.pumpWidget.<anonymous closure> (package:flutter_test/src/widget_tester.dart:598:22)
#1111   TestAsyncUtils.guard (package:flutter_test/src/test_async_utils.dart:74:41)
#1112   WidgetTester.pumpWidget (package:flutter_test/src/widget_tester.dart:595:27)
#1113   main.<anonymous closure> (file:///C:/Users/ADMIN/Desktop/CocEnglish/apps/mobile/test/english_journey_test.dart:66:24)
#1114   testWidgets.<anonymous closure>.<anonymous closure> (package:flutter_test/src/widget_tester.dart:192:29)
<asynchronous suspension>
#1115   TestWidgetsFlutterBinding._runTestBody (package:flutter_test/src/binding.dart:1953:5)
<asynchronous suspension>
<asynchronous suspension>
(elided 5 frames from dart:async and package:stack_trace)
════════════════════════════════════════════════════════════════════════════════════════════════════
══╡ EXCEPTION CAUGHT BY REFERENCE ILLUSTRATION ╞════════════════════════════════════════════════════
The following assertion was thrown:
Unable to load asset: "assets/reference_art/story-portrait.png".
The asset does not exist or has empty data.

When the exception was thrown, this was the stack:
#0      PlatformAssetBundle.load (package:flutter/src/services/asset_bundle.dart:340:7)
#1      PlatformAssetBundle.loadBuffer (package:flutter/src/services/asset_bundle.dart:367:36)
#2      AssetBundleImageProvider._loadAsync (package:flutter/src/painting/image_provider.dart:787:33)
#3      AssetBundleImageProvider.loadImage (package:flutter/src/painting/image_provider.dart:747:14)
#4      ImageProvider.resolveStreamForKey.<anonymous closure> (package:flutter/src/painting/image_provider.dart:550:39)
#5      ImageCache.putIfAbsent (package:flutter/src/painting/image_cache.dart:368:22)
#6      ImageProvider.resolveStreamForKey (package:flutter/src/painting/image_provider.dart:547:81)
#7      ImageProvider.resolve.<anonymous closure> (package:flutter/src/painting/image_provider.dart:383:9)
#8      ImageProvider._createErrorHandlerAndKey.<anonymous closure> (package:flutter/src/painting/image_provider.dart:503:28)
#9      SynchronousFuture.then (package:flutter/src/foundation/synchronous_future.dart:44:27)
#10     ImageProvider._createErrorHandlerAndKey (package:flutter/src/painting/image_provider.dart:500:10)
#11     ImageProvider.resolve (package:flutter/src/painting/image_provider.dart:380:5)
#12     _ReferenceArtState._resolve (package:cocenglish/core/design/reference_art.dart:163:10)
#13     _ReferenceArtState.didChangeDependencies (package:cocenglish/core/design/reference_art.dart:152:5)
#14     StatefulElement._firstBuild (package:flutter/src/widgets/framework.dart:5981:11)
#15     ComponentElement.mount (package:flutter/src/widgets/framework.dart:5806:5)
#16     Element.inflateWidget (package:flutter/src/widgets/framework.dart:4600:20)
#17     MultiChildRenderObjectElement.inflateWidget (package:flutter/src/widgets/framework.dart:7277:36)
#18     MultiChildRenderObjectElement.mount (package:flutter/src/widgets/framework.dart:7292:32)
#19     Element.inflateWidget (package:flutter/src/widgets/framework.dart:4600:20)
#20     MultiChildRenderObjectElement.inflateWidget (package:flutter/src/widgets/framework.dart:7277:36)
#21     MultiChildRenderObjectElement.mount (package:flutter/src/widgets/framework.dart:7292:32)
...     Normal element mounting (105 frames)
#126    Element.inflateWidget (package:flutter/src/widgets/framework.dart:4600:20)
#127    MultiChildRenderObjectElement.inflateWidget (package:flutter/src/widgets/framework.dart:7277:36)
#128    MultiChildRenderObjectElement.mount (package:flutter/src/widgets/framework.dart:7292:32)
...     Normal element mounting (40 frames)
#168    Element.inflateWidget (package:flutter/src/widgets/framework.dart:4600:20)
#169    MultiChildRenderObjectElement.inflateWidget (package:flutter/src/widgets/framework.dart:7277:36)
#170    MultiChildRenderObjectElement.mount (package:flutter/src/widgets/framework.dart:7292:32)
...     Normal element mounting (111 frames)
#281    ConsumerStatefulElement.mount (package:flutter_riverpod/src/core/consumer.dart:389:11)
...     Normal element mounting (260 frames)
#541    Element.inflateWidget (package:flutter/src/widgets/framework.dart:4600:20)
#542    MultiChildRenderObjectElement.inflateWidget (package:flutter/src/widgets/framework.dart:7277:36)
#543    MultiChildRenderObjectElement.mount (package:flutter/src/widgets/framework.dart:7292:32)
...     Normal element mounting (493 frames)
#1036   Element.inflateWidget (package:flutter/src/widgets/framework.dart:4600:20)
#1037   Element.updateChild (package:flutter/src/widgets/framework.dart:4066:20)
#1038   ComponentElement.performRebuild (package:flutter/src/widgets/framework.dart:5854:16)
#1039   Element.rebuild (package:flutter/src/widgets/framework.dart:5542:7)
#1040   ProxyElement.update (package:flutter/src/widgets/framework.dart:6162:5)
#1041   _InheritedNotifierElement.update (package:flutter/src/widgets/inherited_notifier.dart:108:11)
#1042   Element.updateChild (package:flutter/src/widgets/framework.dart:4050:15)
#1043   ComponentElement.performRebuild (package:flutter/src/widgets/framework.dart:5854:16)
#1044   StatefulElement.performRebuild (package:flutter/src/widgets/framework.dart:5995:11)
#1045   Element.rebuild (package:flutter/src/widgets/framework.dart:5542:7)
#1046   StatefulElement.update (package:flutter/src/widgets/framework.dart:6020:5)
#1047   Element.updateChild (package:flutter/src/widgets/framework.dart:4050:15)
#1048   ComponentElement.performRebuild (package:flutter/src/widgets/framework.dart:5854:16)
#1049   Element.rebuild (package:flutter/src/widgets/framework.dart:5542:7)
#1050   ProxyElement.update (package:flutter/src/widgets/framework.dart:6162:5)
#1051   _InheritedNotifierElement.update (package:flutter/src/widgets/inherited_notifier.dart:108:11)
#1052   Element.updateChild (package:flutter/src/widgets/framework.dart:4050:15)
#1053   ComponentElement.performRebuild (package:flutter/src/widgets/framework.dart:5854:16)
#1054   StatefulElement.performRebuild (package:flutter/src/widgets/framework.dart:5995:11)
#1055   Element.rebuild (package:flutter/src/widgets/framework.dart:5542:7)
#1056   StatefulElement.update (package:flutter/src/widgets/framework.dart:6020:5)
#1057   Element.updateChild (package:flutter/src/widgets/framework.dart:4050:15)
#1058   ComponentElement.performRebuild (package:flutter/src/widgets/framework.dart:5854:16)
#1059   StatefulElement.performRebuild (package:flutter/src/widgets/framework.dart:5995:11)
#1060   Element.rebuild (package:flutter/src/widgets/framework.dart:5542:7)
#1061   StatefulElement.update (package:flutter/src/widgets/framework.dart:6020:5)
#1062   Element.updateChild (package:flutter/src/widgets/framework.dart:4050:15)
#1063   ComponentElement.performRebuild (package:flutter/src/widgets/framework.dart:5854:16)
#1064   Element.rebuild (package:flutter/src/widgets/framework.dart:5542:7)
#1065   ProxyElement.update (package:flutter/src/widgets/framework.dart:6162:5)
#1066   Element.updateChild (package:flutter/src/widgets/framework.dart:4050:15)
#1067   ComponentElement.performRebuild (package:flutter/src/widgets/framework.dart:5854:16)
#1068   StatefulElement.performRebuild (package:flutter/src/widgets/framework.dart:5995:11)
#1069   Element.rebuild (package:flutter/src/widgets/framework.dart:5542:7)
#1070   StatefulElement.update (package:flutter/src/widgets/framework.dart:6020:5)
#1071   Element.updateChild (package:flutter/src/widgets/framework.dart:4050:15)
#1072   ComponentElement.performRebuild (package:flutter/src/widgets/framework.dart:5854:16)
#1073   Element.rebuild (package:flutter/src/widgets/framework.dart:5542:7)
#1074   ProxyElement.update (package:flutter/src/widgets/framework.dart:6162:5)
#1075   Element.updateChild (package:flutter/src/widgets/framework.dart:4050:15)
#1076   ComponentElement.performRebuild (package:flutter/src/widgets/framework.dart:5854:16)
#1077   Element.rebuild (package:flutter/src/widgets/framework.dart:5542:7)
#1078   ProxyElement.update (package:flutter/src/widgets/framework.dart:6162:5)
#1079   Element.updateChild (package:flutter/src/widgets/framework.dart:4050:15)
#1080   _RawViewElement._updateChild (package:flutter/src/widgets/view.dart:488:16)
#1081   _RawViewElement.update (package:flutter/src/widgets/view.dart:575:5)
#1082   Element.updateChild (package:flutter/src/widgets/framework.dart:4050:15)
#1083   ComponentElement.performRebuild (package:flutter/src/widgets/framework.dart:5854:16)
#1084   Element.rebuild (package:flutter/src/widgets/framework.dart:5542:7)
#1085   StatelessElement.update (package:flutter/src/widgets/framework.dart:5908:5)
#1086   Element.updateChild (package:flutter/src/widgets/framework.dart:4050:15)
#1087   ComponentElement.performRebuild (package:flutter/src/widgets/framework.dart:5854:16)
#1088   StatefulElement.performRebuild (package:flutter/src/widgets/framework.dart:5995:11)
#1089   Element.rebuild (package:flutter/src/widgets/framework.dart:5542:7)
#1090   StatefulElement.update (package:flutter/src/widgets/framework.dart:6020:5)
#1091   Element.updateChild (package:flutter/src/widgets/framework.dart:4050:15)
#1092   RootElement._rebuild (package:flutter/src/widgets/binding.dart:2091:16)
#1093   RootElement.update (package:flutter/src/widgets/binding.dart:2069:5)
#1094   RootElement.performRebuild (package:flutter/src/widgets/binding.dart:2083:7)
#1095   Element.rebuild (package:flutter/src/widgets/framework.dart:5542:7)
#1096   BuildScope._tryRebuild (package:flutter/src/widgets/framework.dart:2763:15)
#1097   BuildScope._flushDirtyElements (package:flutter/src/widgets/framework.dart:2820:11)
#1098   BuildOwner.buildScope (package:flutter/src/widgets/framework.dart:3124:18)
#1099   AutomatedTestWidgetsFlutterBinding.drawFrame (package:flutter_test/src/binding.dart:2432:19)
#1100   RendererBinding._handlePersistentFrameCallback (package:flutter/src/rendering/binding.dart:558:5)
#1101   SchedulerBinding._invokeFrameCallback (package:flutter/src/scheduler/binding.dart:1430:15)
#1102   SchedulerBinding.handleDrawFrame (package:flutter/src/scheduler/binding.dart:1345:9)
#1103   AutomatedTestWidgetsFlutterBinding.pump.<anonymous closure> (package:flutter_test/src/binding.dart:2261:9)
#1106   TestAsyncUtils.guard (package:flutter_test/src/test_async_utils.dart:74:41)
#1107   AutomatedTestWidgetsFlutterBinding.pump (package:flutter_test/src/binding.dart:2250:27)
#1108   WidgetTester.pumpWidget.<anonymous closure> (package:flutter_test/src/widget_tester.dart:598:22)
#1111   TestAsyncUtils.guard (package:flutter_test/src/test_async_utils.dart:74:41)
#1112   WidgetTester.pumpWidget (package:flutter_test/src/widget_tester.dart:595:27)
#1113   main.<anonymous closure> (file:///C:/Users/ADMIN/Desktop/CocEnglish/apps/mobile/test/english_journey_test.dart:66:24)
#1114   testWidgets.<anonymous closure>.<anonymous closure> (package:flutter_test/src/widget_tester.dart:192:29)
<asynchronous suspension>
#1115   TestWidgetsFlutterBinding._runTestBody (package:flutter_test/src/binding.dart:1953:5)
<asynchronous suspension>
<asynchronous suspension>
(elided 5 frames from dart:async and package:stack_trace)
════════════════════════════════════════════════════════════════════════════════════════════════════
══╡ EXCEPTION CAUGHT BY REFERENCE ILLUSTRATION ╞════════════════════════════════════════════════════
The following assertion was thrown:
Unable to load asset: "assets/reference_art/story-portrait.png".
The asset does not exist or has empty data.

When the exception was thrown, this was the stack:
#0      PlatformAssetBundle.load (package:flutter/src/services/asset_bundle.dart:340:7)
#1      PlatformAssetBundle.loadBuffer (package:flutter/src/services/asset_bundle.dart:367:36)
#2      AssetBundleImageProvider._loadAsync (package:flutter/src/painting/image_provider.dart:787:33)
#3      AssetBundleImageProvider.loadImage (package:flutter/src/painting/image_provider.dart:747:14)
#4      ImageProvider.resolveStreamForKey.<anonymous closure> (package:flutter/src/painting/image_provider.dart:550:39)
#5      ImageCache.putIfAbsent (package:flutter/src/painting/image_cache.dart:368:22)
#6      ImageProvider.resolveStreamForKey (package:flutter/src/painting/image_provider.dart:547:81)
#7      ImageProvider.resolve.<anonymous closure> (package:flutter/src/painting/image_provider.dart:383:9)
#8      ImageProvider._createErrorHandlerAndKey.<anonymous closure> (package:flutter/src/painting/image_provider.dart:503:28)
#9      SynchronousFuture.then (package:flutter/src/foundation/synchronous_future.dart:44:27)
#10     ImageProvider._createErrorHandlerAndKey (package:flutter/src/painting/image_provider.dart:500:10)
#11     ImageProvider.resolve (package:flutter/src/painting/image_provider.dart:380:5)
#12     _ReferenceArtState._resolve (package:cocenglish/core/design/reference_art.dart:163:10)
#13     _ReferenceArtState.didChangeDependencies (package:cocenglish/core/design/reference_art.dart:152:5)
#14     StatefulElement._firstBuild (package:flutter/src/widgets/framework.dart:5981:11)
#15     ComponentElement.mount (package:flutter/src/widgets/framework.dart:5806:5)
#16     Element.inflateWidget (package:flutter/src/widgets/framework.dart:4600:20)
#17     MultiChildRenderObjectElement.inflateWidget (package:flutter/src/widgets/framework.dart:7277:36)
#18     MultiChildRenderObjectElement.mount (package:flutter/src/widgets/framework.dart:7292:32)
#19     Element.inflateWidget (package:flutter/src/widgets/framework.dart:4600:20)
#20     MultiChildRenderObjectElement.inflateWidget (package:flutter/src/widgets/framework.dart:7277:36)
#21     MultiChildRenderObjectElement.mount (package:flutter/src/widgets/framework.dart:7292:32)
...     Normal element mounting (105 frames)
#126    Element.inflateWidget (package:flutter/src/widgets/framework.dart:4600:20)
#127    MultiChildRenderObjectElement.inflateWidget (package:flutter/src/widgets/framework.dart:7277:36)
#128    MultiChildRenderObjectElement.mount (package:flutter/src/widgets/framework.dart:7292:32)
...     Normal element mounting (40 frames)
#168    Element.inflateWidget (package:flutter/src/widgets/framework.dart:4600:20)
#169    MultiChildRenderObjectElement.inflateWidget (package:flutter/src/widgets/framework.dart:7277:36)
#170    MultiChildRenderObjectElement.mount (package:flutter/src/widgets/framework.dart:7292:32)
...     Normal element mounting (111 frames)
#281    ConsumerStatefulElement.mount (package:flutter_riverpod/src/core/consumer.dart:389:11)
...     Normal element mounting (260 frames)
#541    Element.inflateWidget (package:flutter/src/widgets/framework.dart:4600:20)
#542    MultiChildRenderObjectElement.inflateWidget (package:flutter/src/widgets/framework.dart:7277:36)
#543    MultiChildRenderObjectElement.mount (package:flutter/src/widgets/framework.dart:7292:32)
...     Normal element mounting (493 frames)
#1036   Element.inflateWidget (package:flutter/src/widgets/framework.dart:4600:20)
#1037   Element.updateChild (package:flutter/src/widgets/framework.dart:4066:20)
#1038   ComponentElement.performRebuild (package:flutter/src/widgets/framework.dart:5854:16)
#1039   Element.rebuild (package:flutter/src/widgets/framework.dart:5542:7)
#1040   ProxyElement.update (package:flutter/src/widgets/framework.dart:6162:5)
#1041   _InheritedNotifierElement.update (package:flutter/src/widgets/inherited_notifier.dart:108:11)
#1042   Element.updateChild (package:flutter/src/widgets/framework.dart:4050:15)
#1043   ComponentElement.performRebuild (package:flutter/src/widgets/framework.dart:5854:16)
#1044   StatefulElement.performRebuild (package:flutter/src/widgets/framework.dart:5995:11)
#1045   Element.rebuild (package:flutter/src/widgets/framework.dart:5542:7)
#1046   StatefulElement.update (package:flutter/src/widgets/framework.dart:6020:5)
#1047   Element.updateChild (package:flutter/src/widgets/framework.dart:4050:15)
#1048   ComponentElement.performRebuild (package:flutter/src/widgets/framework.dart:5854:16)
#1049   Element.rebuild (package:flutter/src/widgets/framework.dart:5542:7)
#1050   ProxyElement.update (package:flutter/src/widgets/framework.dart:6162:5)
#1051   _InheritedNotifierElement.update (package:flutter/src/widgets/inherited_notifier.dart:108:11)
#1052   Element.updateChild (package:flutter/src/widgets/framework.dart:4050:15)
#1053   ComponentElement.performRebuild (package:flutter/src/widgets/framework.dart:5854:16)
#1054   StatefulElement.performRebuild (package:flutter/src/widgets/framework.dart:5995:11)
#1055   Element.rebuild (package:flutter/src/widgets/framework.dart:5542:7)
#1056   StatefulElement.update (package:flutter/src/widgets/framework.dart:6020:5)
#1057   Element.updateChild (package:flutter/src/widgets/framework.dart:4050:15)
#1058   ComponentElement.performRebuild (package:flutter/src/widgets/framework.dart:5854:16)
#1059   StatefulElement.performRebuild (package:flutter/src/widgets/framework.dart:5995:11)
#1060   Element.rebuild (package:flutter/src/widgets/framework.dart:5542:7)
#1061   StatefulElement.update (package:flutter/src/widgets/framework.dart:6020:5)
#1062   Element.updateChild (package:flutter/src/widgets/framework.dart:4050:15)
#1063   ComponentElement.performRebuild (package:flutter/src/widgets/framework.dart:5854:16)
#1064   Element.rebuild (package:flutter/src/widgets/framework.dart:5542:7)
#1065   ProxyElement.update (package:flutter/src/widgets/framework.dart:6162:5)
#1066   Element.updateChild (package:flutter/src/widgets/framework.dart:4050:15)
#1067   ComponentElement.performRebuild (package:flutter/src/widgets/framework.dart:5854:16)
#1068   StatefulElement.performRebuild (package:flutter/src/widgets/framework.dart:5995:11)
#1069   Element.rebuild (package:flutter/src/widgets/framework.dart:5542:7)
#1070   StatefulElement.update (package:flutter/src/widgets/framework.dart:6020:5)
#1071   Element.updateChild (package:flutter/src/widgets/framework.dart:4050:15)
#1072   ComponentElement.performRebuild (package:flutter/src/widgets/framework.dart:5854:16)
#1073   Element.rebuild (package:flutter/src/widgets/framework.dart:5542:7)
#1074   ProxyElement.update (package:flutter/src/widgets/framework.dart:6162:5)
#1075   Element.updateChild (package:flutter/src/widgets/framework.dart:4050:15)
#1076   ComponentElement.performRebuild (package:flutter/src/widgets/framework.dart:5854:16)
#1077   Element.rebuild (package:flutter/src/widgets/framework.dart:5542:7)
#1078   ProxyElement.update (package:flutter/src/widgets/framework.dart:6162:5)
#1079   Element.updateChild (package:flutter/src/widgets/framework.dart:4050:15)
#1080   _RawViewElement._updateChild (package:flutter/src/widgets/view.dart:488:16)
#1081   _RawViewElement.update (package:flutter/src/widgets/view.dart:575:5)
#1082   Element.updateChild (package:flutter/src/widgets/framework.dart:4050:15)
#1083   ComponentElement.performRebuild (package:flutter/src/widgets/framework.dart:5854:16)
#1084   Element.rebuild (package:flutter/src/widgets/framework.dart:5542:7)
#1085   StatelessElement.update (package:flutter/src/widgets/framework.dart:5908:5)
#1086   Element.updateChild (package:flutter/src/widgets/framework.dart:4050:15)
#1087   ComponentElement.performRebuild (package:flutter/src/widgets/framework.dart:5854:16)
#1088   StatefulElement.performRebuild (package:flutter/src/widgets/framework.dart:5995:11)
#1089   Element.rebuild (package:flutter/src/widgets/framework.dart:5542:7)
#1090   StatefulElement.update (package:flutter/src/widgets/framework.dart:6020:5)
#1091   Element.updateChild (package:flutter/src/widgets/framework.dart:4050:15)
#1092   RootElement._rebuild (package:flutter/src/widgets/binding.dart:2091:16)
#1093   RootElement.update (package:flutter/src/widgets/binding.dart:2069:5)
#1094   RootElement.performRebuild (package:flutter/src/widgets/binding.dart:2083:7)
#1095   Element.rebuild (package:flutter/src/widgets/framework.dart:5542:7)
#1096   BuildScope._tryRebuild (package:flutter/src/widgets/framework.dart:2763:15)
#1097   BuildScope._flushDirtyElements (package:flutter/src/widgets/framework.dart:2820:11)
#1098   BuildOwner.buildScope (package:flutter/src/widgets/framework.dart:3124:18)
#1099   AutomatedTestWidgetsFlutterBinding.drawFrame (package:flutter_test/src/binding.dart:2432:19)
#1100   RendererBinding._handlePersistentFrameCallback (package:flutter/src/rendering/binding.dart:558:5)
#1101   SchedulerBinding._invokeFrameCallback (package:flutter/src/scheduler/binding.dart:1430:15)
#1102   SchedulerBinding.handleDrawFrame (package:flutter/src/scheduler/binding.dart:1345:9)
#1103   AutomatedTestWidgetsFlutterBinding.pump.<anonymous closure> (package:flutter_test/src/binding.dart:2261:9)
#1106   TestAsyncUtils.guard (package:flutter_test/src/test_async_utils.dart:74:41)
#1107   AutomatedTestWidgetsFlutterBinding.pump (package:flutter_test/src/binding.dart:2250:27)
#1108   WidgetTester.pumpWidget.<anonymous closure> (package:flutter_test/src/widget_tester.dart:598:22)
#1111   TestAsyncUtils.guard (package:flutter_test/src/test_async_utils.dart:74:41)
#1112   WidgetTester.pumpWidget (package:flutter_test/src/widget_tester.dart:595:27)
#1113   main.<anonymous closure> (file:///C:/Users/ADMIN/Desktop/CocEnglish/apps/mobile/test/english_journey_test.dart:66:24)
#1114   testWidgets.<anonymous closure>.<anonymous closure> (package:flutter_test/src/widget_tester.dart:192:29)
<asynchronous suspension>
#1115   TestWidgetsFlutterBinding._runTestBody (package:flutter_test/src/binding.dart:1953:5)
<asynchronous suspension>
<asynchronous suspension>
(elided 5 frames from dart:async and package:stack_trace)
════════════════════════════════════════════════════════════════════════════════════════════════════
══╡ EXCEPTION CAUGHT BY REFERENCE ILLUSTRATION ╞════════════════════════════════════════════════════
The following assertion was thrown:
Unable to load asset: "assets/reference_art/story-portrait.png".
The asset does not exist or has empty data.

When the exception was thrown, this was the stack:
#0      PlatformAssetBundle.load (package:flutter/src/services/asset_bundle.dart:340:7)
#1      PlatformAssetBundle.loadBuffer (package:flutter/src/services/asset_bundle.dart:367:36)
#2      AssetBundleImageProvider._loadAsync (package:flutter/src/painting/image_provider.dart:787:33)
#3      AssetBundleImageProvider.loadImage (package:flutter/src/painting/image_provider.dart:747:14)
#4      ImageProvider.resolveStreamForKey.<anonymous closure> (package:flutter/src/painting/image_provider.dart:550:39)
#5      ImageCache.putIfAbsent (package:flutter/src/painting/image_cache.dart:368:22)
#6      ImageProvider.resolveStreamForKey (package:flutter/src/painting/image_provider.dart:547:81)
#7      ImageProvider.resolve.<anonymous closure> (package:flutter/src/painting/image_provider.dart:383:9)
#8      ImageProvider._createErrorHandlerAndKey.<anonymous closure> (package:flutter/src/painting/image_provider.dart:503:28)
#9      SynchronousFuture.then (package:flutter/src/foundation/synchronous_future.dart:44:27)
#10     ImageProvider._createErrorHandlerAndKey (package:flutter/src/painting/image_provider.dart:500:10)
#11     ImageProvider.resolve (package:flutter/src/painting/image_provider.dart:380:5)
#12     _ReferenceArtState._resolve (package:cocenglish/core/design/reference_art.dart:163:10)
#13     _ReferenceArtState.didChangeDependencies (package:cocenglish/core/design/reference_art.dart:152:5)
#14     StatefulElement._firstBuild (package:flutter/src/widgets/framework.dart:5981:11)
#15     ComponentElement.mount (package:flutter/src/widgets/framework.dart:5806:5)
#16     Element.inflateWidget (package:flutter/src/widgets/framework.dart:4600:20)
#17     MultiChildRenderObjectElement.inflateWidget (package:flutter/src/widgets/framework.dart:7277:36)
#18     MultiChildRenderObjectElement.mount (package:flutter/src/widgets/framework.dart:7292:32)
#19     Element.inflateWidget (package:flutter/src/widgets/framework.dart:4600:20)
#20     MultiChildRenderObjectElement.inflateWidget (package:flutter/src/widgets/framework.dart:7277:36)
#21     MultiChildRenderObjectElement.mount (package:flutter/src/widgets/framework.dart:7292:32)
...     Normal element mounting (105 frames)
#126    Element.inflateWidget (package:flutter/src/widgets/framework.dart:4600:20)
#127    MultiChildRenderObjectElement.inflateWidget (package:flutter/src/widgets/framework.dart:7277:36)
#128    MultiChildRenderObjectElement.mount (package:flutter/src/widgets/framework.dart:7292:32)
...     Normal element mounting (40 frames)
#168    Element.inflateWidget (package:flutter/src/widgets/framework.dart:4600:20)
#169    MultiChildRenderObjectElement.inflateWidget (package:flutter/src/widgets/framework.dart:7277:36)
#170    MultiChildRenderObjectElement.mount (package:flutter/src/widgets/framework.dart:7292:32)
...     Normal element mounting (111 frames)
#281    ConsumerStatefulElement.mount (package:flutter_riverpod/src/core/consumer.dart:389:11)
...     Normal element mounting (260 frames)
#541    Element.inflateWidget (package:flutter/src/widgets/framework.dart:4600:20)
#542    MultiChildRenderObjectElement.inflateWidget (package:flutter/src/widgets/framework.dart:7277:36)
#543    MultiChildRenderObjectElement.mount (package:flutter/src/widgets/framework.dart:7292:32)
...     Normal element mounting (493 frames)
#1036   Element.inflateWidget (package:flutter/src/widgets/framework.dart:4600:20)
#1037   Element.updateChild (package:flutter/src/widgets/framework.dart:4066:20)
#1038   ComponentElement.performRebuild (package:flutter/src/widgets/framework.dart:5854:16)
#1039   Element.rebuild (package:flutter/src/widgets/framework.dart:5542:7)
#1040   ProxyElement.update (package:flutter/src/widgets/framework.dart:6162:5)
#1041   _InheritedNotifierElement.update (package:flutter/src/widgets/inherited_notifier.dart:108:11)
#1042   Element.updateChild (package:flutter/src/widgets/framework.dart:4050:15)
#1043   ComponentElement.performRebuild (package:flutter/src/widgets/framework.dart:5854:16)
#1044   StatefulElement.performRebuild (package:flutter/src/widgets/framework.dart:5995:11)
#1045   Element.rebuild (package:flutter/src/widgets/framework.dart:5542:7)
#1046   StatefulElement.update (package:flutter/src/widgets/framework.dart:6020:5)
#1047   Element.updateChild (package:flutter/src/widgets/framework.dart:4050:15)
#1048   ComponentElement.performRebuild (package:flutter/src/widgets/framework.dart:5854:16)
#1049   Element.rebuild (package:flutter/src/widgets/framework.dart:5542:7)
#1050   ProxyElement.update (package:flutter/src/widgets/framework.dart:6162:5)
#1051   _InheritedNotifierElement.update (package:flutter/src/widgets/inherited_notifier.dart:108:11)
#1052   Element.updateChild (package:flutter/src/widgets/framework.dart:4050:15)
#1053   ComponentElement.performRebuild (package:flutter/src/widgets/framework.dart:5854:16)
#1054   StatefulElement.performRebuild (package:flutter/src/widgets/framework.dart:5995:11)
#1055   Element.rebuild (package:flutter/src/widgets/framework.dart:5542:7)
#1056   StatefulElement.update (package:flutter/src/widgets/framework.dart:6020:5)
#1057   Element.updateChild (package:flutter/src/widgets/framework.dart:4050:15)
#1058   ComponentElement.performRebuild (package:flutter/src/widgets/framework.dart:5854:16)
#1059   StatefulElement.performRebuild (package:flutter/src/widgets/framework.dart:5995:11)
#1060   Element.rebuild (package:flutter/src/widgets/framework.dart:5542:7)
#1061   StatefulElement.update (package:flutter/src/widgets/framework.dart:6020:5)
#1062   Element.updateChild (package:flutter/src/widgets/framework.dart:4050:15)
#1063   ComponentElement.performRebuild (package:flutter/src/widgets/framework.dart:5854:16)
#1064   Element.rebuild (package:flutter/src/widgets/framework.dart:5542:7)
#1065   ProxyElement.update (package:flutter/src/widgets/framework.dart:6162:5)
#1066   Element.updateChild (package:flutter/src/widgets/framework.dart:4050:15)
#1067   ComponentElement.performRebuild (package:flutter/src/widgets/framework.dart:5854:16)
#1068   StatefulElement.performRebuild (package:flutter/src/widgets/framework.dart:5995:11)
#1069   Element.rebuild (package:flutter/src/widgets/framework.dart:5542:7)
#1070   StatefulElement.update (package:flutter/src/widgets/framework.dart:6020:5)
#1071   Element.updateChild (package:flutter/src/widgets/framework.dart:4050:15)
#1072   ComponentElement.performRebuild (package:flutter/src/widgets/framework.dart:5854:16)
#1073   Element.rebuild (package:flutter/src/widgets/framework.dart:5542:7)
#1074   ProxyElement.update (package:flutter/src/widgets/framework.dart:6162:5)
#1075   Element.updateChild (package:flutter/src/widgets/framework.dart:4050:15)
#1076   ComponentElement.performRebuild (package:flutter/src/widgets/framework.dart:5854:16)
#1077   Element.rebuild (package:flutter/src/widgets/framework.dart:5542:7)
#1078   ProxyElement.update (package:flutter/src/widgets/framework.dart:6162:5)
#1079   Element.updateChild (package:flutter/src/widgets/framework.dart:4050:15)
#1080   _RawViewElement._updateChild (package:flutter/src/widgets/view.dart:488:16)
#1081   _RawViewElement.update (package:flutter/src/widgets/view.dart:575:5)
#1082   Element.updateChild (package:flutter/src/widgets/framework.dart:4050:15)
#1083   ComponentElement.performRebuild (package:flutter/src/widgets/framework.dart:5854:16)
#1084   Element.rebuild (package:flutter/src/widgets/framework.dart:5542:7)
#1085   StatelessElement.update (package:flutter/src/widgets/framework.dart:5908:5)
#1086   Element.updateChild (package:flutter/src/widgets/framework.dart:4050:15)
#1087   ComponentElement.performRebuild (package:flutter/src/widgets/framework.dart:5854:16)
#1088   StatefulElement.performRebuild (package:flutter/src/widgets/framework.dart:5995:11)
#1089   Element.rebuild (package:flutter/src/widgets/framework.dart:5542:7)
#1090   StatefulElement.update (package:flutter/src/widgets/framework.dart:6020:5)
#1091   Element.updateChild (package:flutter/src/widgets/framework.dart:4050:15)
#1092   RootElement._rebuild (package:flutter/src/widgets/binding.dart:2091:16)
#1093   RootElement.update (package:flutter/src/widgets/binding.dart:2069:5)
#1094   RootElement.performRebuild (package:flutter/src/widgets/binding.dart:2083:7)
#1095   Element.rebuild (package:flutter/src/widgets/framework.dart:5542:7)
#1096   BuildScope._tryRebuild (package:flutter/src/widgets/framework.dart:2763:15)
#1097   BuildScope._flushDirtyElements (package:flutter/src/widgets/framework.dart:2820:11)
#1098   BuildOwner.buildScope (package:flutter/src/widgets/framework.dart:3124:18)
#1099   AutomatedTestWidgetsFlutterBinding.drawFrame (package:flutter_test/src/binding.dart:2432:19)
#1100   RendererBinding._handlePersistentFrameCallback (package:flutter/src/rendering/binding.dart:558:5)
#1101   SchedulerBinding._invokeFrameCallback (package:flutter/src/scheduler/binding.dart:1430:15)
#1102   SchedulerBinding.handleDrawFrame (package:flutter/src/scheduler/binding.dart:1345:9)
#1103   AutomatedTestWidgetsFlutterBinding.pump.<anonymous closure> (package:flutter_test/src/binding.dart:2261:9)
#1106   TestAsyncUtils.guard (package:flutter_test/src/test_async_utils.dart:74:41)
#1107   AutomatedTestWidgetsFlutterBinding.pump (package:flutter_test/src/binding.dart:2250:27)
#1108   WidgetTester.pumpWidget.<anonymous closure> (package:flutter_test/src/widget_tester.dart:598:22)
#1111   TestAsyncUtils.guard (package:flutter_test/src/test_async_utils.dart:74:41)
#1112   WidgetTester.pumpWidget (package:flutter_test/src/widget_tester.dart:595:27)
#1113   main.<anonymous closure> (file:///C:/Users/ADMIN/Desktop/CocEnglish/apps/mobile/test/english_journey_test.dart:66:24)
#1114   testWidgets.<anonymous closure>.<anonymous closure> (package:flutter_test/src/widget_tester.dart:192:29)
<asynchronous suspension>
#1115   TestWidgetsFlutterBinding._runTestBody (package:flutter_test/src/binding.dart:1953:5)
<asynchronous suspension>
<asynchronous suspension>
(elided 5 frames from dart:async and package:stack_trace)
════════════════════════════════════════════════════════════════════════════════════════════════════
══╡ EXCEPTION CAUGHT BY FLUTTER TEST FRAMEWORK ╞════════════════════════════════════════════════════
The following TestFailure was thrown running a test:
Expected: null
  Actual: 'Multiple exceptions (4) were detected during the running of the current test, and at
least one was unexpected.'
story

When the exception was thrown, this was the stack:
#4      main.<anonymous closure> (file:///C:/Users/ADMIN/Desktop/CocEnglish/apps/mobile/test/english_journey_test.dart:83:11)
<asynchronous suspension>
#5      testWidgets.<anonymous closure>.<anonymous closure> (package:flutter_test/src/widget_tester.dart:192:15)
<asynchronous suspension>
#6      TestWidgetsFlutterBinding._runTestBody (package:flutter_test/src/binding.dart:1953:5)
<asynchronous suspension>
<asynchronous suspension>
(elided one frame from package:stack_trace)

This was caught by the test expectation on the following line:
  file:///C:/Users/ADMIN/Desktop/CocEnglish/apps/mobile/test/english_journey_test.dart line 83
The test description was:
  English journey states fit width360.0 text1.0
════════════════════════════════════════════════════════════════════════════════════════════════════
00:01 +0 -2: English journey states fit width360.0 text1.0 [E]
  Test failed. See exception logs above.
  The test description was: English journey states fit width360.0 text1.0
  
00:01 +0 -2: English journey states fit width360.0 text2.0
══╡ EXCEPTION CAUGHT BY REFERENCE ILLUSTRATION ╞════════════════════════════════════════════════════
The following assertion was thrown:
Unable to load asset: "assets/reference_art/story-portrait.png".
The asset does not exist or has empty data.

When the exception was thrown, this was the stack:
#0      PlatformAssetBundle.load (package:flutter/src/services/asset_bundle.dart:340:7)
#1      PlatformAssetBundle.loadBuffer (package:flutter/src/services/asset_bundle.dart:367:36)
#2      AssetBundleImageProvider._loadAsync (package:flutter/src/painting/image_provider.dart:787:33)
#3      AssetBundleImageProvider.loadImage (package:flutter/src/painting/image_provider.dart:747:14)
#4      ImageProvider.resolveStreamForKey.<anonymous closure> (package:flutter/src/painting/image_provider.dart:550:39)
#5      ImageCache.putIfAbsent (package:flutter/src/painting/image_cache.dart:368:22)
#6      ImageProvider.resolveStreamForKey (package:flutter/src/painting/image_provider.dart:547:81)
#7      ImageProvider.resolve.<anonymous closure> (package:flutter/src/painting/image_provider.dart:383:9)
#8      ImageProvider._createErrorHandlerAndKey.<anonymous closure> (package:flutter/src/painting/image_provider.dart:503:28)
#9      SynchronousFuture.then (package:flutter/src/foundation/synchronous_future.dart:44:27)
#10     ImageProvider._createErrorHandlerAndKey (package:flutter/src/painting/image_provider.dart:500:10)
#11     ImageProvider.resolve (package:flutter/src/painting/image_provider.dart:380:5)
#12     _ReferenceArtState._resolve (package:cocenglish/core/design/reference_art.dart:163:10)
#13     _ReferenceArtState.didChangeDependencies (package:cocenglish/core/design/reference_art.dart:152:5)
#14     StatefulElement._firstBuild (package:flutter/src/widgets/framework.dart:5981:11)
#15     ComponentElement.mount (package:flutter/src/widgets/framework.dart:5806:5)
#16     Element.inflateWidget (package:flutter/src/widgets/framework.dart:4600:20)
#17     MultiChildRenderObjectElement.inflateWidget (package:flutter/src/widgets/framework.dart:7277:36)
#18     MultiChildRenderObjectElement.mount (package:flutter/src/widgets/framework.dart:7292:32)
#19     Element.inflateWidget (package:flutter/src/widgets/framework.dart:4600:20)
#20     MultiChildRenderObjectElement.inflateWidget (package:flutter/src/widgets/framework.dart:7277:36)
#21     MultiChildRenderObjectElement.mount (package:flutter/src/widgets/framework.dart:7292:32)
...     Normal element mounting (105 frames)
#126    Element.inflateWidget (package:flutter/src/widgets/framework.dart:4600:20)
#127    MultiChildRenderObjectElement.inflateWidget (package:flutter/src/widgets/framework.dart:7277:36)
#128    MultiChildRenderObjectElement.mount (package:flutter/src/widgets/framework.dart:7292:32)
...     Normal element mounting (40 frames)
#168    Element.inflateWidget (package:flutter/src/widgets/framework.dart:4600:20)
#169    MultiChildRenderObjectElement.inflateWidget (package:flutter/src/widgets/framework.dart:7277:36)
#170    MultiChildRenderObjectElement.mount (package:flutter/src/widgets/framework.dart:7292:32)
...     Normal element mounting (111 frames)
#281    ConsumerStatefulElement.mount (package:flutter_riverpod/src/core/consumer.dart:389:11)
...     Normal element mounting (260 frames)
#541    Element.inflateWidget (package:flutter/src/widgets/framework.dart:4600:20)
#542    MultiChildRenderObjectElement.inflateWidget (package:flutter/src/widgets/framework.dart:7277:36)
#543    MultiChildRenderObjectElement.mount (package:flutter/src/widgets/framework.dart:7292:32)
...     Normal element mounting (493 frames)
#1036   Element.inflateWidget (package:flutter/src/widgets/framework.dart:4600:20)
#1037   Element.updateChild (package:flutter/src/widgets/framework.dart:4066:20)
#1038   ComponentElement.performRebuild (package:flutter/src/widgets/framework.dart:5854:16)
#1039   Element.rebuild (package:flutter/src/widgets/framework.dart:5542:7)
#1040   ProxyElement.update (package:flutter/src/widgets/framework.dart:6162:5)
#1041   _InheritedNotifierElement.update (package:flutter/src/widgets/inherited_notifier.dart:108:11)
#1042   Element.updateChild (package:flutter/src/widgets/framework.dart:4050:15)
#1043   ComponentElement.performRebuild (package:flutter/src/widgets/framework.dart:5854:16)
#1044   StatefulElement.performRebuild (package:flutter/src/widgets/framework.dart:5995:11)
#1045   Element.rebuild (package:flutter/src/widgets/framework.dart:5542:7)
#1046   StatefulElement.update (package:flutter/src/widgets/framework.dart:6020:5)
#1047   Element.updateChild (package:flutter/src/widgets/framework.dart:4050:15)
#1048   ComponentElement.performRebuild (package:flutter/src/widgets/framework.dart:5854:16)
#1049   Element.rebuild (package:flutter/src/widgets/framework.dart:5542:7)
#1050   ProxyElement.update (package:flutter/src/widgets/framework.dart:6162:5)
#1051   _InheritedNotifierElement.update (package:flutter/src/widgets/inherited_notifier.dart:108:11)
#1052   Element.updateChild (package:flutter/src/widgets/framework.dart:4050:15)
#1053   ComponentElement.performRebuild (package:flutter/src/widgets/framework.dart:5854:16)
#1054   StatefulElement.performRebuild (package:flutter/src/widgets/framework.dart:5995:11)
#1055   Element.rebuild (package:flutter/src/widgets/framework.dart:5542:7)
#1056   StatefulElement.update (package:flutter/src/widgets/framework.dart:6020:5)
#1057   Element.updateChild (package:flutter/src/widgets/framework.dart:4050:15)
#1058   ComponentElement.performRebuild (package:flutter/src/widgets/framework.dart:5854:16)
#1059   StatefulElement.performRebuild (package:flutter/src/widgets/framework.dart:5995:11)
#1060   Element.rebuild (package:flutter/src/widgets/framework.dart:5542:7)
#1061   StatefulElement.update (package:flutter/src/widgets/framework.dart:6020:5)
#1062   Element.updateChild (package:flutter/src/widgets/framework.dart:4050:15)
#1063   ComponentElement.performRebuild (package:flutter/src/widgets/framework.dart:5854:16)
#1064   Element.rebuild (package:flutter/src/widgets/framework.dart:5542:7)
#1065   ProxyElement.update (package:flutter/src/widgets/framework.dart:6162:5)
#1066   Element.updateChild (package:flutter/src/widgets/framework.dart:4050:15)
#1067   ComponentElement.performRebuild (package:flutter/src/widgets/framework.dart:5854:16)
#1068   StatefulElement.performRebuild (package:flutter/src/widgets/framework.dart:5995:11)
#1069   Element.rebuild (package:flutter/src/widgets/framework.dart:5542:7)
#1070   StatefulElement.update (package:flutter/src/widgets/framework.dart:6020:5)
#1071   Element.updateChild (package:flutter/src/widgets/framework.dart:4050:15)
#1072   ComponentElement.performRebuild (package:flutter/src/widgets/framework.dart:5854:16)
#1073   Element.rebuild (package:flutter/src/widgets/framework.dart:5542:7)
#1074   ProxyElement.update (package:flutter/src/widgets/framework.dart:6162:5)
#1075   Element.updateChild (package:flutter/src/widgets/framework.dart:4050:15)
#1076   ComponentElement.performRebuild (package:flutter/src/widgets/framework.dart:5854:16)
#1077   Element.rebuild (package:flutter/src/widgets/framework.dart:5542:7)
#1078   ProxyElement.update (package:flutter/src/widgets/framework.dart:6162:5)
#1079   Element.updateChild (package:flutter/src/widgets/framework.dart:4050:15)
#1080   _RawViewElement._updateChild (package:flutter/src/widgets/view.dart:488:16)
#1081   _RawViewElement.update (package:flutter/src/widgets/view.dart:575:5)
#1082   Element.updateChild (package:flutter/src/widgets/framework.dart:4050:15)
#1083   ComponentElement.performRebuild (package:flutter/src/widgets/framework.dart:5854:16)
#1084   Element.rebuild (package:flutter/src/widgets/framework.dart:5542:7)
#1085   StatelessElement.update (package:flutter/src/widgets/framework.dart:5908:5)
#1086   Element.updateChild (package:flutter/src/widgets/framework.dart:4050:15)
#1087   ComponentElement.performRebuild (package:flutter/src/widgets/framework.dart:5854:16)
#1088   StatefulElement.performRebuild (package:flutter/src/widgets/framework.dart:5995:11)
#1089   Element.rebuild (package:flutter/src/widgets/framework.dart:5542:7)
#1090   StatefulElement.update (package:flutter/src/widgets/framework.dart:6020:5)
#1091   Element.updateChild (package:flutter/src/widgets/framework.dart:4050:15)
#1092   RootElement._rebuild (package:flutter/src/widgets/binding.dart:2091:16)
#1093   RootElement.update (package:flutter/src/widgets/binding.dart:2069:5)
#1094   RootElement.performRebuild (package:flutter/src/widgets/binding.dart:2083:7)
#1095   Element.rebuild (package:flutter/src/widgets/framework.dart:5542:7)
#1096   BuildScope._tryRebuild (package:flutter/src/widgets/framework.dart:2763:15)
#1097   BuildScope._flushDirtyElements (package:flutter/src/widgets/framework.dart:2820:11)
#1098   BuildOwner.buildScope (package:flutter/src/widgets/framework.dart:3124:18)
#1099   AutomatedTestWidgetsFlutterBinding.drawFrame (package:flutter_test/src/binding.dart:2432:19)
#1100   RendererBinding._handlePersistentFrameCallback (package:flutter/src/rendering/binding.dart:558:5)
#1101   SchedulerBinding._invokeFrameCallback (package:flutter/src/scheduler/binding.dart:1430:15)
#1102   SchedulerBinding.handleDrawFrame (package:flutter/src/scheduler/binding.dart:1345:9)
#1103   AutomatedTestWidgetsFlutterBinding.pump.<anonymous closure> (package:flutter_test/src/binding.dart:2261:9)
#1106   TestAsyncUtils.guard (package:flutter_test/src/test_async_utils.dart:74:41)
#1107   AutomatedTestWidgetsFlutterBinding.pump (package:flutter_test/src/binding.dart:2250:27)
#1108   WidgetTester.pumpWidget.<anonymous closure> (package:flutter_test/src/widget_tester.dart:598:22)
#1111   TestAsyncUtils.guard (package:flutter_test/src/test_async_utils.dart:74:41)
#1112   WidgetTester.pumpWidget (package:flutter_test/src/widget_tester.dart:595:27)
#1113   main.<anonymous closure> (file:///C:/Users/ADMIN/Desktop/CocEnglish/apps/mobile/test/english_journey_test.dart:66:24)
#1114   testWidgets.<anonymous closure>.<anonymous closure> (package:flutter_test/src/widget_tester.dart:192:29)
<asynchronous suspension>
#1115   TestWidgetsFlutterBinding._runTestBody (package:flutter_test/src/binding.dart:1953:5)
<asynchronous suspension>
<asynchronous suspension>
(elided 5 frames from dart:async and package:stack_trace)
════════════════════════════════════════════════════════════════════════════════════════════════════
══╡ EXCEPTION CAUGHT BY REFERENCE ILLUSTRATION ╞════════════════════════════════════════════════════
The following assertion was thrown:
Unable to load asset: "assets/reference_art/story-portrait.png".
The asset does not exist or has empty data.

When the exception was thrown, this was the stack:
#0      PlatformAssetBundle.load (package:flutter/src/services/asset_bundle.dart:340:7)
#1      PlatformAssetBundle.loadBuffer (package:flutter/src/services/asset_bundle.dart:367:36)
#2      AssetBundleImageProvider._loadAsync (package:flutter/src/painting/image_provider.dart:787:33)
#3      AssetBundleImageProvider.loadImage (package:flutter/src/painting/image_provider.dart:747:14)
#4      ImageProvider.resolveStreamForKey.<anonymous closure> (package:flutter/src/painting/image_provider.dart:550:39)
#5      ImageCache.putIfAbsent (package:flutter/src/painting/image_cache.dart:368:22)
#6      ImageProvider.resolveStreamForKey (package:flutter/src/painting/image_provider.dart:547:81)
#7      ImageProvider.resolve.<anonymous closure> (package:flutter/src/painting/image_provider.dart:383:9)
#8      ImageProvider._createErrorHandlerAndKey.<anonymous closure> (package:flutter/src/painting/image_provider.dart:503:28)
#9      SynchronousFuture.then (package:flutter/src/foundation/synchronous_future.dart:44:27)
#10     ImageProvider._createErrorHandlerAndKey (package:flutter/src/painting/image_provider.dart:500:10)
#11     ImageProvider.resolve (package:flutter/src/painting/image_provider.dart:380:5)
#12     _ReferenceArtState._resolve (package:cocenglish/core/design/reference_art.dart:163:10)
#13     _ReferenceArtState.didChangeDependencies (package:cocenglish/core/design/reference_art.dart:152:5)
#14     StatefulElement._firstBuild (package:flutter/src/widgets/framework.dart:5981:11)
#15     ComponentElement.mount (package:flutter/src/widgets/framework.dart:5806:5)
#16     Element.inflateWidget (package:flutter/src/widgets/framework.dart:4600:20)
#17     MultiChildRenderObjectElement.inflateWidget (package:flutter/src/widgets/framework.dart:7277:36)
#18     MultiChildRenderObjectElement.mount (package:flutter/src/widgets/framework.dart:7292:32)
#19     Element.inflateWidget (package:flutter/src/widgets/framework.dart:4600:20)
#20     MultiChildRenderObjectElement.inflateWidget (package:flutter/src/widgets/framework.dart:7277:36)
#21     MultiChildRenderObjectElement.mount (package:flutter/src/widgets/framework.dart:7292:32)
...     Normal element mounting (105 frames)
#126    Element.inflateWidget (package:flutter/src/widgets/framework.dart:4600:20)
#127    MultiChildRenderObjectElement.inflateWidget (package:flutter/src/widgets/framework.dart:7277:36)
#128    MultiChildRenderObjectElement.mount (package:flutter/src/widgets/framework.dart:7292:32)
...     Normal element mounting (40 frames)
#168    Element.inflateWidget (package:flutter/src/widgets/framework.dart:4600:20)
#169    MultiChildRenderObjectElement.inflateWidget (package:flutter/src/widgets/framework.dart:7277:36)
#170    MultiChildRenderObjectElement.mount (package:flutter/src/widgets/framework.dart:7292:32)
...     Normal element mounting (111 frames)
#281    ConsumerStatefulElement.mount (package:flutter_riverpod/src/core/consumer.dart:389:11)
...     Normal element mounting (260 frames)
#541    Element.inflateWidget (package:flutter/src/widgets/framework.dart:4600:20)
#542    MultiChildRenderObjectElement.inflateWidget (package:flutter/src/widgets/framework.dart:7277:36)
#543    MultiChildRenderObjectElement.mount (package:flutter/src/widgets/framework.dart:7292:32)
...     Normal element mounting (493 frames)
#1036   Element.inflateWidget (package:flutter/src/widgets/framework.dart:4600:20)
#1037   Element.updateChild (package:flutter/src/widgets/framework.dart:4066:20)
#1038   ComponentElement.performRebuild (package:flutter/src/widgets/framework.dart:5854:16)
#1039   Element.rebuild (package:flutter/src/widgets/framework.dart:5542:7)
#1040   ProxyElement.update (package:flutter/src/widgets/framework.dart:6162:5)
#1041   _InheritedNotifierElement.update (package:flutter/src/widgets/inherited_notifier.dart:108:11)
#1042   Element.updateChild (package:flutter/src/widgets/framework.dart:4050:15)
#1043   ComponentElement.performRebuild (package:flutter/src/widgets/framework.dart:5854:16)
#1044   StatefulElement.performRebuild (package:flutter/src/widgets/framework.dart:5995:11)
#1045   Element.rebuild (package:flutter/src/widgets/framework.dart:5542:7)
#1046   StatefulElement.update (package:flutter/src/widgets/framework.dart:6020:5)
#1047   Element.updateChild (package:flutter/src/widgets/framework.dart:4050:15)
#1048   ComponentElement.performRebuild (package:flutter/src/widgets/framework.dart:5854:16)
#1049   Element.rebuild (package:flutter/src/widgets/framework.dart:5542:7)
#1050   ProxyElement.update (package:flutter/src/widgets/framework.dart:6162:5)
#1051   _InheritedNotifierElement.update (package:flutter/src/widgets/inherited_notifier.dart:108:11)
#1052   Element.updateChild (package:flutter/src/widgets/framework.dart:4050:15)
#1053   ComponentElement.performRebuild (package:flutter/src/widgets/framework.dart:5854:16)
#1054   StatefulElement.performRebuild (package:flutter/src/widgets/framework.dart:5995:11)
#1055   Element.rebuild (package:flutter/src/widgets/framework.dart:5542:7)
#1056   StatefulElement.update (package:flutter/src/widgets/framework.dart:6020:5)
#1057   Element.updateChild (package:flutter/src/widgets/framework.dart:4050:15)
#1058   ComponentElement.performRebuild (package:flutter/src/widgets/framework.dart:5854:16)
#1059   StatefulElement.performRebuild (package:flutter/src/widgets/framework.dart:5995:11)
#1060   Element.rebuild (package:flutter/src/widgets/framework.dart:5542:7)
#1061   StatefulElement.update (package:flutter/src/widgets/framework.dart:6020:5)
#1062   Element.updateChild (package:flutter/src/widgets/framework.dart:4050:15)
#1063   ComponentElement.performRebuild (package:flutter/src/widgets/framework.dart:5854:16)
#1064   Element.rebuild (package:flutter/src/widgets/framework.dart:5542:7)
#1065   ProxyElement.update (package:flutter/src/widgets/framework.dart:6162:5)
#1066   Element.updateChild (package:flutter/src/widgets/framework.dart:4050:15)
#1067   ComponentElement.performRebuild (package:flutter/src/widgets/framework.dart:5854:16)
#1068   StatefulElement.performRebuild (package:flutter/src/widgets/framework.dart:5995:11)
#1069   Element.rebuild (package:flutter/src/widgets/framework.dart:5542:7)
#1070   StatefulElement.update (package:flutter/src/widgets/framework.dart:6020:5)
#1071   Element.updateChild (package:flutter/src/widgets/framework.dart:4050:15)
#1072   ComponentElement.performRebuild (package:flutter/src/widgets/framework.dart:5854:16)
#1073   Element.rebuild (package:flutter/src/widgets/framework.dart:5542:7)
#1074   ProxyElement.update (package:flutter/src/widgets/framework.dart:6162:5)
#1075   Element.updateChild (package:flutter/src/widgets/framework.dart:4050:15)
#1076   ComponentElement.performRebuild (package:flutter/src/widgets/framework.dart:5854:16)
#1077   Element.rebuild (package:flutter/src/widgets/framework.dart:5542:7)
#1078   ProxyElement.update (package:flutter/src/widgets/framework.dart:6162:5)
#1079   Element.updateChild (package:flutter/src/widgets/framework.dart:4050:15)
#1080   _RawViewElement._updateChild (package:flutter/src/widgets/view.dart:488:16)
#1081   _RawViewElement.update (package:flutter/src/widgets/view.dart:575:5)
#1082   Element.updateChild (package:flutter/src/widgets/framework.dart:4050:15)
#1083   ComponentElement.performRebuild (package:flutter/src/widgets/framework.dart:5854:16)
#1084   Element.rebuild (package:flutter/src/widgets/framework.dart:5542:7)
#1085   StatelessElement.update (package:flutter/src/widgets/framework.dart:5908:5)
#1086   Element.updateChild (package:flutter/src/widgets/framework.dart:4050:15)
#1087   ComponentElement.performRebuild (package:flutter/src/widgets/framework.dart:5854:16)
#1088   StatefulElement.performRebuild (package:flutter/src/widgets/framework.dart:5995:11)
#1089   Element.rebuild (package:flutter/src/widgets/framework.dart:5542:7)
#1090   StatefulElement.update (package:flutter/src/widgets/framework.dart:6020:5)
#1091   Element.updateChild (package:flutter/src/widgets/framework.dart:4050:15)
#1092   RootElement._rebuild (package:flutter/src/widgets/binding.dart:2091:16)
#1093   RootElement.update (package:flutter/src/widgets/binding.dart:2069:5)
#1094   RootElement.performRebuild (package:flutter/src/widgets/binding.dart:2083:7)
#1095   Element.rebuild (package:flutter/src/widgets/framework.dart:5542:7)
#1096   BuildScope._tryRebuild (package:flutter/src/widgets/framework.dart:2763:15)
#1097   BuildScope._flushDirtyElements (package:flutter/src/widgets/framework.dart:2820:11)
#1098   BuildOwner.buildScope (package:flutter/src/widgets/framework.dart:3124:18)
#1099   AutomatedTestWidgetsFlutterBinding.drawFrame (package:flutter_test/src/binding.dart:2432:19)
#1100   RendererBinding._handlePersistentFrameCallback (package:flutter/src/rendering/binding.dart:558:5)
#1101   SchedulerBinding._invokeFrameCallback (package:flutter/src/scheduler/binding.dart:1430:15)
#1102   SchedulerBinding.handleDrawFrame (package:flutter/src/scheduler/binding.dart:1345:9)
#1103   AutomatedTestWidgetsFlutterBinding.pump.<anonymous closure> (package:flutter_test/src/binding.dart:2261:9)
#1106   TestAsyncUtils.guard (package:flutter_test/src/test_async_utils.dart:74:41)
#1107   AutomatedTestWidgetsFlutterBinding.pump (package:flutter_test/src/binding.dart:2250:27)
#1108   WidgetTester.pumpWidget.<anonymous closure> (package:flutter_test/src/widget_tester.dart:598:22)
#1111   TestAsyncUtils.guard (package:flutter_test/src/test_async_utils.dart:74:41)
#1112   WidgetTester.pumpWidget (package:flutter_test/src/widget_tester.dart:595:27)
#1113   main.<anonymous closure> (file:///C:/Users/ADMIN/Desktop/CocEnglish/apps/mobile/test/english_journey_test.dart:66:24)
#1114   testWidgets.<anonymous closure>.<anonymous closure> (package:flutter_test/src/widget_tester.dart:192:29)
<asynchronous suspension>
#1115   TestWidgetsFlutterBinding._runTestBody (package:flutter_test/src/binding.dart:1953:5)
<asynchronous suspension>
<asynchronous suspension>
(elided 5 frames from dart:async and package:stack_trace)
════════════════════════════════════════════════════════════════════════════════════════════════════
══╡ EXCEPTION CAUGHT BY REFERENCE ILLUSTRATION ╞════════════════════════════════════════════════════
The following assertion was thrown:
Unable to load asset: "assets/reference_art/story-portrait.png".
The asset does not exist or has empty data.

When the exception was thrown, this was the stack:
#0      PlatformAssetBundle.load (package:flutter/src/services/asset_bundle.dart:340:7)
#1      PlatformAssetBundle.loadBuffer (package:flutter/src/services/asset_bundle.dart:367:36)
#2      AssetBundleImageProvider._loadAsync (package:flutter/src/painting/image_provider.dart:787:33)
#3      AssetBundleImageProvider.loadImage (package:flutter/src/painting/image_provider.dart:747:14)
#4      ImageProvider.resolveStreamForKey.<anonymous closure> (package:flutter/src/painting/image_provider.dart:550:39)
#5      ImageCache.putIfAbsent (package:flutter/src/painting/image_cache.dart:368:22)
#6      ImageProvider.resolveStreamForKey (package:flutter/src/painting/image_provider.dart:547:81)
#7      ImageProvider.resolve.<anonymous closure> (package:flutter/src/painting/image_provider.dart:383:9)
#8      ImageProvider._createErrorHandlerAndKey.<anonymous closure> (package:flutter/src/painting/image_provider.dart:503:28)
#9      SynchronousFuture.then (package:flutter/src/foundation/synchronous_future.dart:44:27)
#10     ImageProvider._createErrorHandlerAndKey (package:flutter/src/painting/image_provider.dart:500:10)
#11     ImageProvider.resolve (package:flutter/src/painting/image_provider.dart:380:5)
#12     _ReferenceArtState._resolve (package:cocenglish/core/design/reference_art.dart:163:10)
#13     _ReferenceArtState.didChangeDependencies (package:cocenglish/core/design/reference_art.dart:152:5)
#14     StatefulElement._firstBuild (package:flutter/src/widgets/framework.dart:5981:11)
#15     ComponentElement.mount (package:flutter/src/widgets/framework.dart:5806:5)
#16     Element.inflateWidget (package:flutter/src/widgets/framework.dart:4600:20)
#17     MultiChildRenderObjectElement.inflateWidget (package:flutter/src/widgets/framework.dart:7277:36)
#18     MultiChildRenderObjectElement.mount (package:flutter/src/widgets/framework.dart:7292:32)
#19     Element.inflateWidget (package:flutter/src/widgets/framework.dart:4600:20)
#20     MultiChildRenderObjectElement.inflateWidget (package:flutter/src/widgets/framework.dart:7277:36)
#21     MultiChildRenderObjectElement.mount (package:flutter/src/widgets/framework.dart:7292:32)
...     Normal element mounting (105 frames)
#126    Element.inflateWidget (package:flutter/src/widgets/framework.dart:4600:20)
#127    MultiChildRenderObjectElement.inflateWidget (package:flutter/src/widgets/framework.dart:7277:36)
#128    MultiChildRenderObjectElement.mount (package:flutter/src/widgets/framework.dart:7292:32)
...     Normal element mounting (40 frames)
#168    Element.inflateWidget (package:flutter/src/widgets/framework.dart:4600:20)
#169    MultiChildRenderObjectElement.inflateWidget (package:flutter/src/widgets/framework.dart:7277:36)
#170    MultiChildRenderObjectElement.mount (package:flutter/src/widgets/framework.dart:7292:32)
...     Normal element mounting (111 frames)
#281    ConsumerStatefulElement.mount (package:flutter_riverpod/src/core/consumer.dart:389:11)
...     Normal element mounting (260 frames)
#541    Element.inflateWidget (package:flutter/src/widgets/framework.dart:4600:20)
#542    MultiChildRenderObjectElement.inflateWidget (package:flutter/src/widgets/framework.dart:7277:36)
#543    MultiChildRenderObjectElement.mount (package:flutter/src/widgets/framework.dart:7292:32)
...     Normal element mounting (493 frames)
#1036   Element.inflateWidget (package:flutter/src/widgets/framework.dart:4600:20)
#1037   Element.updateChild (package:flutter/src/widgets/framework.dart:4066:20)
#1038   ComponentElement.performRebuild (package:flutter/src/widgets/framework.dart:5854:16)
#1039   Element.rebuild (package:flutter/src/widgets/framework.dart:5542:7)
#1040   ProxyElement.update (package:flutter/src/widgets/framework.dart:6162:5)
#1041   _InheritedNotifierElement.update (package:flutter/src/widgets/inherited_notifier.dart:108:11)
#1042   Element.updateChild (package:flutter/src/widgets/framework.dart:4050:15)
#1043   ComponentElement.performRebuild (package:flutter/src/widgets/framework.dart:5854:16)
#1044   StatefulElement.performRebuild (package:flutter/src/widgets/framework.dart:5995:11)
#1045   Element.rebuild (package:flutter/src/widgets/framework.dart:5542:7)
#1046   StatefulElement.update (package:flutter/src/widgets/framework.dart:6020:5)
#1047   Element.updateChild (package:flutter/src/widgets/framework.dart:4050:15)
#1048   ComponentElement.performRebuild (package:flutter/src/widgets/framework.dart:5854:16)
#1049   Element.rebuild (package:flutter/src/widgets/framework.dart:5542:7)
#1050   ProxyElement.update (package:flutter/src/widgets/framework.dart:6162:5)
#1051   _InheritedNotifierElement.update (package:flutter/src/widgets/inherited_notifier.dart:108:11)
#1052   Element.updateChild (package:flutter/src/widgets/framework.dart:4050:15)
#1053   ComponentElement.performRebuild (package:flutter/src/widgets/framework.dart:5854:16)
#1054   StatefulElement.performRebuild (package:flutter/src/widgets/framework.dart:5995:11)
#1055   Element.rebuild (package:flutter/src/widgets/framework.dart:5542:7)
#1056   StatefulElement.update (package:flutter/src/widgets/framework.dart:6020:5)
#1057   Element.updateChild (package:flutter/src/widgets/framework.dart:4050:15)
#1058   ComponentElement.performRebuild (package:flutter/src/widgets/framework.dart:5854:16)
#1059   StatefulElement.performRebuild (package:flutter/src/widgets/framework.dart:5995:11)
#1060   Element.rebuild (package:flutter/src/widgets/framework.dart:5542:7)
#1061   StatefulElement.update (package:flutter/src/widgets/framework.dart:6020:5)
#1062   Element.updateChild (package:flutter/src/widgets/framework.dart:4050:15)
#1063   ComponentElement.performRebuild (package:flutter/src/widgets/framework.dart:5854:16)
#1064   Element.rebuild (package:flutter/src/widgets/framework.dart:5542:7)
#1065   ProxyElement.update (package:flutter/src/widgets/framework.dart:6162:5)
#1066   Element.updateChild (package:flutter/src/widgets/framework.dart:4050:15)
#1067   ComponentElement.performRebuild (package:flutter/src/widgets/framework.dart:5854:16)
#1068   StatefulElement.performRebuild (package:flutter/src/widgets/framework.dart:5995:11)
#1069   Element.rebuild (package:flutter/src/widgets/framework.dart:5542:7)
#1070   StatefulElement.update (package:flutter/src/widgets/framework.dart:6020:5)
#1071   Element.updateChild (package:flutter/src/widgets/framework.dart:4050:15)
#1072   ComponentElement.performRebuild (package:flutter/src/widgets/framework.dart:5854:16)
#1073   Element.rebuild (package:flutter/src/widgets/framework.dart:5542:7)
#1074   ProxyElement.update (package:flutter/src/widgets/framework.dart:6162:5)
#1075   Element.updateChild (package:flutter/src/widgets/framework.dart:4050:15)
#1076   ComponentElement.performRebuild (package:flutter/src/widgets/framework.dart:5854:16)
#1077   Element.rebuild (package:flutter/src/widgets/framework.dart:5542:7)
#1078   ProxyElement.update (package:flutter/src/widgets/framework.dart:6162:5)
#1079   Element.updateChild (package:flutter/src/widgets/framework.dart:4050:15)
#1080   _RawViewElement._updateChild (package:flutter/src/widgets/view.dart:488:16)
#1081   _RawViewElement.update (package:flutter/src/widgets/view.dart:575:5)
#1082   Element.updateChild (package:flutter/src/widgets/framework.dart:4050:15)
#1083   ComponentElement.performRebuild (package:flutter/src/widgets/framework.dart:5854:16)
#1084   Element.rebuild (package:flutter/src/widgets/framework.dart:5542:7)
#1085   StatelessElement.update (package:flutter/src/widgets/framework.dart:5908:5)
#1086   Element.updateChild (package:flutter/src/widgets/framework.dart:4050:15)
#1087   ComponentElement.performRebuild (package:flutter/src/widgets/framework.dart:5854:16)
#1088   StatefulElement.performRebuild (package:flutter/src/widgets/framework.dart:5995:11)
#1089   Element.rebuild (package:flutter/src/widgets/framework.dart:5542:7)
#1090   StatefulElement.update (package:flutter/src/widgets/framework.dart:6020:5)
#1091   Element.updateChild (package:flutter/src/widgets/framework.dart:4050:15)
#1092   RootElement._rebuild (package:flutter/src/widgets/binding.dart:2091:16)
#1093   RootElement.update (package:flutter/src/widgets/binding.dart:2069:5)
#1094   RootElement.performRebuild (package:flutter/src/widgets/binding.dart:2083:7)
#1095   Element.rebuild (package:flutter/src/widgets/framework.dart:5542:7)
#1096   BuildScope._tryRebuild (package:flutter/src/widgets/framework.dart:2763:15)
#1097   BuildScope._flushDirtyElements (package:flutter/src/widgets/framework.dart:2820:11)
#1098   BuildOwner.buildScope (package:flutter/src/widgets/framework.dart:3124:18)
#1099   AutomatedTestWidgetsFlutterBinding.drawFrame (package:flutter_test/src/binding.dart:2432:19)
#1100   RendererBinding._handlePersistentFrameCallback (package:flutter/src/rendering/binding.dart:558:5)
#1101   SchedulerBinding._invokeFrameCallback (package:flutter/src/scheduler/binding.dart:1430:15)
#1102   SchedulerBinding.handleDrawFrame (package:flutter/src/scheduler/binding.dart:1345:9)
#1103   AutomatedTestWidgetsFlutterBinding.pump.<anonymous closure> (package:flutter_test/src/binding.dart:2261:9)
#1106   TestAsyncUtils.guard (package:flutter_test/src/test_async_utils.dart:74:41)
#1107   AutomatedTestWidgetsFlutterBinding.pump (package:flutter_test/src/binding.dart:2250:27)
#1108   WidgetTester.pumpWidget.<anonymous closure> (package:flutter_test/src/widget_tester.dart:598:22)
#1111   TestAsyncUtils.guard (package:flutter_test/src/test_async_utils.dart:74:41)
#1112   WidgetTester.pumpWidget (package:flutter_test/src/widget_tester.dart:595:27)
#1113   main.<anonymous closure> (file:///C:/Users/ADMIN/Desktop/CocEnglish/apps/mobile/test/english_journey_test.dart:66:24)
#1114   testWidgets.<anonymous closure>.<anonymous closure> (package:flutter_test/src/widget_tester.dart:192:29)
<asynchronous suspension>
#1115   TestWidgetsFlutterBinding._runTestBody (package:flutter_test/src/binding.dart:1953:5)
<asynchronous suspension>
<asynchronous suspension>
(elided 5 frames from dart:async and package:stack_trace)
════════════════════════════════════════════════════════════════════════════════════════════════════
══╡ EXCEPTION CAUGHT BY REFERENCE ILLUSTRATION ╞════════════════════════════════════════════════════
The following assertion was thrown:
Unable to load asset: "assets/reference_art/story-portrait.png".
The asset does not exist or has empty data.

When the exception was thrown, this was the stack:
#0      PlatformAssetBundle.load (package:flutter/src/services/asset_bundle.dart:340:7)
#1      PlatformAssetBundle.loadBuffer (package:flutter/src/services/asset_bundle.dart:367:36)
#2      AssetBundleImageProvider._loadAsync (package:flutter/src/painting/image_provider.dart:787:33)
#3      AssetBundleImageProvider.loadImage (package:flutter/src/painting/image_provider.dart:747:14)
#4      ImageProvider.resolveStreamForKey.<anonymous closure> (package:flutter/src/painting/image_provider.dart:550:39)
#5      ImageCache.putIfAbsent (package:flutter/src/painting/image_cache.dart:368:22)
#6      ImageProvider.resolveStreamForKey (package:flutter/src/painting/image_provider.dart:547:81)
#7      ImageProvider.resolve.<anonymous closure> (package:flutter/src/painting/image_provider.dart:383:9)
#8      ImageProvider._createErrorHandlerAndKey.<anonymous closure> (package:flutter/src/painting/image_provider.dart:503:28)
#9      SynchronousFuture.then (package:flutter/src/foundation/synchronous_future.dart:44:27)
#10     ImageProvider._createErrorHandlerAndKey (package:flutter/src/painting/image_provider.dart:500:10)
#11     ImageProvider.resolve (package:flutter/src/painting/image_provider.dart:380:5)
#12     _ReferenceArtState._resolve (package:cocenglish/core/design/reference_art.dart:163:10)
#13     _ReferenceArtState.didChangeDependencies (package:cocenglish/core/design/reference_art.dart:152:5)
#14     StatefulElement._firstBuild (package:flutter/src/widgets/framework.dart:5981:11)
#15     ComponentElement.mount (package:flutter/src/widgets/framework.dart:5806:5)
#16     Element.inflateWidget (package:flutter/src/widgets/framework.dart:4600:20)
#17     MultiChildRenderObjectElement.inflateWidget (package:flutter/src/widgets/framework.dart:7277:36)
#18     MultiChildRenderObjectElement.mount (package:flutter/src/widgets/framework.dart:7292:32)
#19     Element.inflateWidget (package:flutter/src/widgets/framework.dart:4600:20)
#20     MultiChildRenderObjectElement.inflateWidget (package:flutter/src/widgets/framework.dart:7277:36)
#21     MultiChildRenderObjectElement.mount (package:flutter/src/widgets/framework.dart:7292:32)
...     Normal element mounting (105 frames)
#126    Element.inflateWidget (package:flutter/src/widgets/framework.dart:4600:20)
#127    MultiChildRenderObjectElement.inflateWidget (package:flutter/src/widgets/framework.dart:7277:36)
#128    MultiChildRenderObjectElement.mount (package:flutter/src/widgets/framework.dart:7292:32)
...     Normal element mounting (40 frames)
#168    Element.inflateWidget (package:flutter/src/widgets/framework.dart:4600:20)
#169    MultiChildRenderObjectElement.inflateWidget (package:flutter/src/widgets/framework.dart:7277:36)
#170    MultiChildRenderObjectElement.mount (package:flutter/src/widgets/framework.dart:7292:32)
...     Normal element mounting (111 frames)
#281    ConsumerStatefulElement.mount (package:flutter_riverpod/src/core/consumer.dart:389:11)
...     Normal element mounting (260 frames)
#541    Element.inflateWidget (package:flutter/src/widgets/framework.dart:4600:20)
#542    MultiChildRenderObjectElement.inflateWidget (package:flutter/src/widgets/framework.dart:7277:36)
#543    MultiChildRenderObjectElement.mount (package:flutter/src/widgets/framework.dart:7292:32)
...     Normal element mounting (493 frames)
#1036   Element.inflateWidget (package:flutter/src/widgets/framework.dart:4600:20)
#1037   Element.updateChild (package:flutter/src/widgets/framework.dart:4066:20)
#1038   ComponentElement.performRebuild (package:flutter/src/widgets/framework.dart:5854:16)
#1039   Element.rebuild (package:flutter/src/widgets/framework.dart:5542:7)
#1040   ProxyElement.update (package:flutter/src/widgets/framework.dart:6162:5)
#1041   _InheritedNotifierElement.update (package:flutter/src/widgets/inherited_notifier.dart:108:11)
#1042   Element.updateChild (package:flutter/src/widgets/framework.dart:4050:15)
#1043   ComponentElement.performRebuild (package:flutter/src/widgets/framework.dart:5854:16)
#1044   StatefulElement.performRebuild (package:flutter/src/widgets/framework.dart:5995:11)
#1045   Element.rebuild (package:flutter/src/widgets/framework.dart:5542:7)
#1046   StatefulElement.update (package:flutter/src/widgets/framework.dart:6020:5)
#1047   Element.updateChild (package:flutter/src/widgets/framework.dart:4050:15)
#1048   ComponentElement.performRebuild (package:flutter/src/widgets/framework.dart:5854:16)
#1049   Element.rebuild (package:flutter/src/widgets/framework.dart:5542:7)
#1050   ProxyElement.update (package:flutter/src/widgets/framework.dart:6162:5)
#1051   _InheritedNotifierElement.update (package:flutter/src/widgets/inherited_notifier.dart:108:11)
#1052   Element.updateChild (package:flutter/src/widgets/framework.dart:4050:15)
#1053   ComponentElement.performRebuild (package:flutter/src/widgets/framework.dart:5854:16)
#1054   StatefulElement.performRebuild (package:flutter/src/widgets/framework.dart:5995:11)
#1055   Element.rebuild (package:flutter/src/widgets/framework.dart:5542:7)
#1056   StatefulElement.update (package:flutter/src/widgets/framework.dart:6020:5)
#1057   Element.updateChild (package:flutter/src/widgets/framework.dart:4050:15)
#1058   ComponentElement.performRebuild (package:flutter/src/widgets/framework.dart:5854:16)
#1059   StatefulElement.performRebuild (package:flutter/src/widgets/framework.dart:5995:11)
#1060   Element.rebuild (package:flutter/src/widgets/framework.dart:5542:7)
#1061   StatefulElement.update (package:flutter/src/widgets/framework.dart:6020:5)
#1062   Element.updateChild (package:flutter/src/widgets/framework.dart:4050:15)
#1063   ComponentElement.performRebuild (package:flutter/src/widgets/framework.dart:5854:16)
#1064   Element.rebuild (package:flutter/src/widgets/framework.dart:5542:7)
#1065   ProxyElement.update (package:flutter/src/widgets/framework.dart:6162:5)
#1066   Element.updateChild (package:flutter/src/widgets/framework.dart:4050:15)
#1067   ComponentElement.performRebuild (package:flutter/src/widgets/framework.dart:5854:16)
#1068   StatefulElement.performRebuild (package:flutter/src/widgets/framework.dart:5995:11)
#1069   Element.rebuild (package:flutter/src/widgets/framework.dart:5542:7)
#1070   StatefulElement.update (package:flutter/src/widgets/framework.dart:6020:5)
#1071   Element.updateChild (package:flutter/src/widgets/framework.dart:4050:15)
#1072   ComponentElement.performRebuild (package:flutter/src/widgets/framework.dart:5854:16)
#1073   Element.rebuild (package:flutter/src/widgets/framework.dart:5542:7)
#1074   ProxyElement.update (package:flutter/src/widgets/framework.dart:6162:5)
#1075   Element.updateChild (package:flutter/src/widgets/framework.dart:4050:15)
#1076   ComponentElement.performRebuild (package:flutter/src/widgets/framework.dart:5854:16)
#1077   Element.rebuild (package:flutter/src/widgets/framework.dart:5542:7)
#1078   ProxyElement.update (package:flutter/src/widgets/framework.dart:6162:5)
#1079   Element.updateChild (package:flutter/src/widgets/framework.dart:4050:15)
#1080   _RawViewElement._updateChild (package:flutter/src/widgets/view.dart:488:16)
#1081   _RawViewElement.update (package:flutter/src/widgets/view.dart:575:5)
#1082   Element.updateChild (package:flutter/src/widgets/framework.dart:4050:15)
#1083   ComponentElement.performRebuild (package:flutter/src/widgets/framework.dart:5854:16)
#1084   Element.rebuild (package:flutter/src/widgets/framework.dart:5542:7)
#1085   StatelessElement.update (package:flutter/src/widgets/framework.dart:5908:5)
#1086   Element.updateChild (package:flutter/src/widgets/framework.dart:4050:15)
#1087   ComponentElement.performRebuild (package:flutter/src/widgets/framework.dart:5854:16)
#1088   StatefulElement.performRebuild (package:flutter/src/widgets/framework.dart:5995:11)
#1089   Element.rebuild (package:flutter/src/widgets/framework.dart:5542:7)
#1090   StatefulElement.update (package:flutter/src/widgets/framework.dart:6020:5)
#1091   Element.updateChild (package:flutter/src/widgets/framework.dart:4050:15)
#1092   RootElement._rebuild (package:flutter/src/widgets/binding.dart:2091:16)
#1093   RootElement.update (package:flutter/src/widgets/binding.dart:2069:5)
#1094   RootElement.performRebuild (package:flutter/src/widgets/binding.dart:2083:7)
#1095   Element.rebuild (package:flutter/src/widgets/framework.dart:5542:7)
#1096   BuildScope._tryRebuild (package:flutter/src/widgets/framework.dart:2763:15)
#1097   BuildScope._flushDirtyElements (package:flutter/src/widgets/framework.dart:2820:11)
#1098   BuildOwner.buildScope (package:flutter/src/widgets/framework.dart:3124:18)
#1099   AutomatedTestWidgetsFlutterBinding.drawFrame (package:flutter_test/src/binding.dart:2432:19)
#1100   RendererBinding._handlePersistentFrameCallback (package:flutter/src/rendering/binding.dart:558:5)
#1101   SchedulerBinding._invokeFrameCallback (package:flutter/src/scheduler/binding.dart:1430:15)
#1102   SchedulerBinding.handleDrawFrame (package:flutter/src/scheduler/binding.dart:1345:9)
#1103   AutomatedTestWidgetsFlutterBinding.pump.<anonymous closure> (package:flutter_test/src/binding.dart:2261:9)
#1106   TestAsyncUtils.guard (package:flutter_test/src/test_async_utils.dart:74:41)
#1107   AutomatedTestWidgetsFlutterBinding.pump (package:flutter_test/src/binding.dart:2250:27)
#1108   WidgetTester.pumpWidget.<anonymous closure> (package:flutter_test/src/widget_tester.dart:598:22)
#1111   TestAsyncUtils.guard (package:flutter_test/src/test_async_utils.dart:74:41)
#1112   WidgetTester.pumpWidget (package:flutter_test/src/widget_tester.dart:595:27)
#1113   main.<anonymous closure> (file:///C:/Users/ADMIN/Desktop/CocEnglish/apps/mobile/test/english_journey_test.dart:66:24)
#1114   testWidgets.<anonymous closure>.<anonymous closure> (package:flutter_test/src/widget_tester.dart:192:29)
<asynchronous suspension>
#1115   TestWidgetsFlutterBinding._runTestBody (package:flutter_test/src/binding.dart:1953:5)
<asynchronous suspension>
<asynchronous suspension>
(elided 5 frames from dart:async and package:stack_trace)
════════════════════════════════════════════════════════════════════════════════════════════════════
══╡ EXCEPTION CAUGHT BY FLUTTER TEST FRAMEWORK ╞════════════════════════════════════════════════════
The following TestFailure was thrown running a test:
Expected: null
  Actual: 'Multiple exceptions (4) were detected during the running of the current test, and at
least one was unexpected.'
story

When the exception was thrown, this was the stack:
#4      main.<anonymous closure> (file:///C:/Users/ADMIN/Desktop/CocEnglish/apps/mobile/test/english_journey_test.dart:83:11)
<asynchronous suspension>
#5      testWidgets.<anonymous closure>.<anonymous closure> (package:flutter_test/src/widget_tester.dart:192:15)
<asynchronous suspension>
#6      TestWidgetsFlutterBinding._runTestBody (package:flutter_test/src/binding.dart:1953:5)
<asynchronous suspension>
<asynchronous suspension>
(elided one frame from package:stack_trace)

This was caught by the test expectation on the following line:
  file:///C:/Users/ADMIN/Desktop/CocEnglish/apps/mobile/test/english_journey_test.dart line 83
The test description was:
  English journey states fit width360.0 text2.0
════════════════════════════════════════════════════════════════════════════════════════════════════
00:02 +0 -3: English journey states fit width360.0 text2.0 [E]
  Test failed. See exception logs above.
  The test description was: English journey states fit width360.0 text2.0
  
00:02 +0 -3: English journey states fit width430.0 text1.0
══╡ EXCEPTION CAUGHT BY REFERENCE ILLUSTRATION ╞════════════════════════════════════════════════════
The following assertion was thrown:
Unable to load asset: "assets/reference_art/story-portrait.png".
The asset does not exist or has empty data.

When the exception was thrown, this was the stack:
#0      PlatformAssetBundle.load (package:flutter/src/services/asset_bundle.dart:340:7)
#1      PlatformAssetBundle.loadBuffer (package:flutter/src/services/asset_bundle.dart:367:36)
#2      AssetBundleImageProvider._loadAsync (package:flutter/src/painting/image_provider.dart:787:33)
#3      AssetBundleImageProvider.loadImage (package:flutter/src/painting/image_provider.dart:747:14)
#4      ImageProvider.resolveStreamForKey.<anonymous closure> (package:flutter/src/painting/image_provider.dart:550:39)
#5      ImageCache.putIfAbsent (package:flutter/src/painting/image_cache.dart:368:22)
#6      ImageProvider.resolveStreamForKey (package:flutter/src/painting/image_provider.dart:547:81)
#7      ImageProvider.resolve.<anonymous closure> (package:flutter/src/painting/image_provider.dart:383:9)
#8      ImageProvider._createErrorHandlerAndKey.<anonymous closure> (package:flutter/src/painting/image_provider.dart:503:28)
#9      SynchronousFuture.then (package:flutter/src/foundation/synchronous_future.dart:44:27)
#10     ImageProvider._createErrorHandlerAndKey (package:flutter/src/painting/image_provider.dart:500:10)
#11     ImageProvider.resolve (package:flutter/src/painting/image_provider.dart:380:5)
#12     _ReferenceArtState._resolve (package:cocenglish/core/design/reference_art.dart:163:10)
#13     _ReferenceArtState.didChangeDependencies (package:cocenglish/core/design/reference_art.dart:152:5)
#14     StatefulElement._firstBuild (package:flutter/src/widgets/framework.dart:5981:11)
#15     ComponentElement.mount (package:flutter/src/widgets/framework.dart:5806:5)
#16     Element.inflateWidget (package:flutter/src/widgets/framework.dart:4600:20)
#17     MultiChildRenderObjectElement.inflateWidget (package:flutter/src/widgets/framework.dart:7277:36)
#18     MultiChildRenderObjectElement.mount (package:flutter/src/widgets/framework.dart:7292:32)
#19     Element.inflateWidget (package:flutter/src/widgets/framework.dart:4600:20)
#20     MultiChildRenderObjectElement.inflateWidget (package:flutter/src/widgets/framework.dart:7277:36)
#21     MultiChildRenderObjectElement.mount (package:flutter/src/widgets/framework.dart:7292:32)
...     Normal element mounting (105 frames)
#126    Element.inflateWidget (package:flutter/src/widgets/framework.dart:4600:20)
#127    MultiChildRenderObjectElement.inflateWidget (package:flutter/src/widgets/framework.dart:7277:36)
#128    MultiChildRenderObjectElement.mount (package:flutter/src/widgets/framework.dart:7292:32)
...     Normal element mounting (40 frames)
#168    Element.inflateWidget (package:flutter/src/widgets/framework.dart:4600:20)
#169    MultiChildRenderObjectElement.inflateWidget (package:flutter/src/widgets/framework.dart:7277:36)
#170    MultiChildRenderObjectElement.mount (package:flutter/src/widgets/framework.dart:7292:32)
...     Normal element mounting (111 frames)
#281    ConsumerStatefulElement.mount (package:flutter_riverpod/src/core/consumer.dart:389:11)
...     Normal element mounting (260 frames)
#541    Element.inflateWidget (package:flutter/src/widgets/framework.dart:4600:20)
#542    MultiChildRenderObjectElement.inflateWidget (package:flutter/src/widgets/framework.dart:7277:36)
#543    MultiChildRenderObjectElement.mount (package:flutter/src/widgets/framework.dart:7292:32)
...     Normal element mounting (493 frames)
#1036   Element.inflateWidget (package:flutter/src/widgets/framework.dart:4600:20)
#1037   Element.updateChild (package:flutter/src/widgets/framework.dart:4066:20)
#1038   ComponentElement.performRebuild (package:flutter/src/widgets/framework.dart:5854:16)
#1039   Element.rebuild (package:flutter/src/widgets/framework.dart:5542:7)
#1040   ProxyElement.update (package:flutter/src/widgets/framework.dart:6162:5)
#1041   _InheritedNotifierElement.update (package:flutter/src/widgets/inherited_notifier.dart:108:11)
#1042   Element.updateChild (package:flutter/src/widgets/framework.dart:4050:15)
#1043   ComponentElement.performRebuild (package:flutter/src/widgets/framework.dart:5854:16)
#1044   StatefulElement.performRebuild (package:flutter/src/widgets/framework.dart:5995:11)
#1045   Element.rebuild (package:flutter/src/widgets/framework.dart:5542:7)
#1046   StatefulElement.update (package:flutter/src/widgets/framework.dart:6020:5)
#1047   Element.updateChild (package:flutter/src/widgets/framework.dart:4050:15)
#1048   ComponentElement.performRebuild (package:flutter/src/widgets/framework.dart:5854:16)
#1049   Element.rebuild (package:flutter/src/widgets/framework.dart:5542:7)
#1050   ProxyElement.update (package:flutter/src/widgets/framework.dart:6162:5)
#1051   _InheritedNotifierElement.update (package:flutter/src/widgets/inherited_notifier.dart:108:11)
#1052   Element.updateChild (package:flutter/src/widgets/framework.dart:4050:15)
#1053   ComponentElement.performRebuild (package:flutter/src/widgets/framework.dart:5854:16)
#1054   StatefulElement.performRebuild (package:flutter/src/widgets/framework.dart:5995:11)
#1055   Element.rebuild (package:flutter/src/widgets/framework.dart:5542:7)
#1056   StatefulElement.update (package:flutter/src/widgets/framework.dart:6020:5)
#1057   Element.updateChild (package:flutter/src/widgets/framework.dart:4050:15)
#1058   ComponentElement.performRebuild (package:flutter/src/widgets/framework.dart:5854:16)
#1059   StatefulElement.performRebuild (package:flutter/src/widgets/framework.dart:5995:11)
#1060   Element.rebuild (package:flutter/src/widgets/framework.dart:5542:7)
#1061   StatefulElement.update (package:flutter/src/widgets/framework.dart:6020:5)
#1062   Element.updateChild (package:flutter/src/widgets/framework.dart:4050:15)
#1063   ComponentElement.performRebuild (package:flutter/src/widgets/framework.dart:5854:16)
#1064   Element.rebuild (package:flutter/src/widgets/framework.dart:5542:7)
#1065   ProxyElement.update (package:flutter/src/widgets/framework.dart:6162:5)
#1066   Element.updateChild (package:flutter/src/widgets/framework.dart:4050:15)
#1067   ComponentElement.performRebuild (package:flutter/src/widgets/framework.dart:5854:16)
#1068   StatefulElement.performRebuild (package:flutter/src/widgets/framework.dart:5995:11)
#1069   Element.rebuild (package:flutter/src/widgets/framework.dart:5542:7)
#1070   StatefulElement.update (package:flutter/src/widgets/framework.dart:6020:5)
#1071   Element.updateChild (package:flutter/src/widgets/framework.dart:4050:15)
#1072   ComponentElement.performRebuild (package:flutter/src/widgets/framework.dart:5854:16)
#1073   Element.rebuild (package:flutter/src/widgets/framework.dart:5542:7)
#1074   ProxyElement.update (package:flutter/src/widgets/framework.dart:6162:5)
#1075   Element.updateChild (package:flutter/src/widgets/framework.dart:4050:15)
#1076   ComponentElement.performRebuild (package:flutter/src/widgets/framework.dart:5854:16)
#1077   Element.rebuild (package:flutter/src/widgets/framework.dart:5542:7)
#1078   ProxyElement.update (package:flutter/src/widgets/framework.dart:6162:5)
#1079   Element.updateChild (package:flutter/src/widgets/framework.dart:4050:15)
#1080   _RawViewElement._updateChild (package:flutter/src/widgets/view.dart:488:16)
#1081   _RawViewElement.update (package:flutter/src/widgets/view.dart:575:5)
#1082   Element.updateChild (package:flutter/src/widgets/framework.dart:4050:15)
#1083   ComponentElement.performRebuild (package:flutter/src/widgets/framework.dart:5854:16)
#1084   Element.rebuild (package:flutter/src/widgets/framework.dart:5542:7)
#1085   StatelessElement.update (package:flutter/src/widgets/framework.dart:5908:5)
#1086   Element.updateChild (package:flutter/src/widgets/framework.dart:4050:15)
#1087   ComponentElement.performRebuild (package:flutter/src/widgets/framework.dart:5854:16)
#1088   StatefulElement.performRebuild (package:flutter/src/widgets/framework.dart:5995:11)
#1089   Element.rebuild (package:flutter/src/widgets/framework.dart:5542:7)
#1090   StatefulElement.update (package:flutter/src/widgets/framework.dart:6020:5)
#1091   Element.updateChild (package:flutter/src/widgets/framework.dart:4050:15)
#1092   RootElement._rebuild (package:flutter/src/widgets/binding.dart:2091:16)
#1093   RootElement.update (package:flutter/src/widgets/binding.dart:2069:5)
#1094   RootElement.performRebuild (package:flutter/src/widgets/binding.dart:2083:7)
#1095   Element.rebuild (package:flutter/src/widgets/framework.dart:5542:7)
#1096   BuildScope._tryRebuild (package:flutter/src/widgets/framework.dart:2763:15)
#1097   BuildScope._flushDirtyElements (package:flutter/src/widgets/framework.dart:2820:11)
#1098   BuildOwner.buildScope (package:flutter/src/widgets/framework.dart:3124:18)
#1099   AutomatedTestWidgetsFlutterBinding.drawFrame (package:flutter_test/src/binding.dart:2432:19)
#1100   RendererBinding._handlePersistentFrameCallback (package:flutter/src/rendering/binding.dart:558:5)
#1101   SchedulerBinding._invokeFrameCallback (package:flutter/src/scheduler/binding.dart:1430:15)
#1102   SchedulerBinding.handleDrawFrame (package:flutter/src/scheduler/binding.dart:1345:9)
#1103   AutomatedTestWidgetsFlutterBinding.pump.<anonymous closure> (package:flutter_test/src/binding.dart:2261:9)
#1106   TestAsyncUtils.guard (package:flutter_test/src/test_async_utils.dart:74:41)
#1107   AutomatedTestWidgetsFlutterBinding.pump (package:flutter_test/src/binding.dart:2250:27)
#1108   WidgetTester.pumpWidget.<anonymous closure> (package:flutter_test/src/widget_tester.dart:598:22)
#1111   TestAsyncUtils.guard (package:flutter_test/src/test_async_utils.dart:74:41)
#1112   WidgetTester.pumpWidget (package:flutter_test/src/widget_tester.dart:595:27)
#1113   main.<anonymous closure> (file:///C:/Users/ADMIN/Desktop/CocEnglish/apps/mobile/test/english_journey_test.dart:66:24)
#1114   testWidgets.<anonymous closure>.<anonymous closure> (package:flutter_test/src/widget_tester.dart:192:29)
<asynchronous suspension>
#1115   TestWidgetsFlutterBinding._runTestBody (package:flutter_test/src/binding.dart:1953:5)
<asynchronous suspension>
<asynchronous suspension>
(elided 5 frames from dart:async and package:stack_trace)
════════════════════════════════════════════════════════════════════════════════════════════════════
══╡ EXCEPTION CAUGHT BY REFERENCE ILLUSTRATION ╞════════════════════════════════════════════════════
The following assertion was thrown:
Unable to load asset: "assets/reference_art/story-portrait.png".
The asset does not exist or has empty data.

When the exception was thrown, this was the stack:
#0      PlatformAssetBundle.load (package:flutter/src/services/asset_bundle.dart:340:7)
#1      PlatformAssetBundle.loadBuffer (package:flutter/src/services/asset_bundle.dart:367:36)
#2      AssetBundleImageProvider._loadAsync (package:flutter/src/painting/image_provider.dart:787:33)
#3      AssetBundleImageProvider.loadImage (package:flutter/src/painting/image_provider.dart:747:14)
#4      ImageProvider.resolveStreamForKey.<anonymous closure> (package:flutter/src/painting/image_provider.dart:550:39)
#5      ImageCache.putIfAbsent (package:flutter/src/painting/image_cache.dart:368:22)
#6      ImageProvider.resolveStreamForKey (package:flutter/src/painting/image_provider.dart:547:81)
#7      ImageProvider.resolve.<anonymous closure> (package:flutter/src/painting/image_provider.dart:383:9)
#8      ImageProvider._createErrorHandlerAndKey.<anonymous closure> (package:flutter/src/painting/image_provider.dart:503:28)
#9      SynchronousFuture.then (package:flutter/src/foundation/synchronous_future.dart:44:27)
#10     ImageProvider._createErrorHandlerAndKey (package:flutter/src/painting/image_provider.dart:500:10)
#11     ImageProvider.resolve (package:flutter/src/painting/image_provider.dart:380:5)
#12     _ReferenceArtState._resolve (package:cocenglish/core/design/reference_art.dart:163:10)
#13     _ReferenceArtState.didChangeDependencies (package:cocenglish/core/design/reference_art.dart:152:5)
#14     StatefulElement._firstBuild (package:flutter/src/widgets/framework.dart:5981:11)
#15     ComponentElement.mount (package:flutter/src/widgets/framework.dart:5806:5)
#16     Element.inflateWidget (package:flutter/src/widgets/framework.dart:4600:20)
#17     MultiChildRenderObjectElement.inflateWidget (package:flutter/src/widgets/framework.dart:7277:36)
#18     MultiChildRenderObjectElement.mount (package:flutter/src/widgets/framework.dart:7292:32)
#19     Element.inflateWidget (package:flutter/src/widgets/framework.dart:4600:20)
#20     MultiChildRenderObjectElement.inflateWidget (package:flutter/src/widgets/framework.dart:7277:36)
#21     MultiChildRenderObjectElement.mount (package:flutter/src/widgets/framework.dart:7292:32)
...     Normal element mounting (105 frames)
#126    Element.inflateWidget (package:flutter/src/widgets/framework.dart:4600:20)
#127    MultiChildRenderObjectElement.inflateWidget (package:flutter/src/widgets/framework.dart:7277:36)
#128    MultiChildRenderObjectElement.mount (package:flutter/src/widgets/framework.dart:7292:32)
...     Normal element mounting (40 frames)
#168    Element.inflateWidget (package:flutter/src/widgets/framework.dart:4600:20)
#169    MultiChildRenderObjectElement.inflateWidget (package:flutter/src/widgets/framework.dart:7277:36)
#170    MultiChildRenderObjectElement.mount (package:flutter/src/widgets/framework.dart:7292:32)
...     Normal element mounting (111 frames)
#281    ConsumerStatefulElement.mount (package:flutter_riverpod/src/core/consumer.dart:389:11)
...     Normal element mounting (260 frames)
#541    Element.inflateWidget (package:flutter/src/widgets/framework.dart:4600:20)
#542    MultiChildRenderObjectElement.inflateWidget (package:flutter/src/widgets/framework.dart:7277:36)
#543    MultiChildRenderObjectElement.mount (package:flutter/src/widgets/framework.dart:7292:32)
...     Normal element mounting (493 frames)
#1036   Element.inflateWidget (package:flutter/src/widgets/framework.dart:4600:20)
#1037   Element.updateChild (package:flutter/src/widgets/framework.dart:4066:20)
#1038   ComponentElement.performRebuild (package:flutter/src/widgets/framework.dart:5854:16)
#1039   Element.rebuild (package:flutter/src/widgets/framework.dart:5542:7)
#1040   ProxyElement.update (package:flutter/src/widgets/framework.dart:6162:5)
#1041   _InheritedNotifierElement.update (package:flutter/src/widgets/inherited_notifier.dart:108:11)
#1042   Element.updateChild (package:flutter/src/widgets/framework.dart:4050:15)
#1043   ComponentElement.performRebuild (package:flutter/src/widgets/framework.dart:5854:16)
#1044   StatefulElement.performRebuild (package:flutter/src/widgets/framework.dart:5995:11)
#1045   Element.rebuild (package:flutter/src/widgets/framework.dart:5542:7)
#1046   StatefulElement.update (package:flutter/src/widgets/framework.dart:6020:5)
#1047   Element.updateChild (package:flutter/src/widgets/framework.dart:4050:15)
#1048   ComponentElement.performRebuild (package:flutter/src/widgets/framework.dart:5854:16)
#1049   Element.rebuild (package:flutter/src/widgets/framework.dart:5542:7)
#1050   ProxyElement.update (package:flutter/src/widgets/framework.dart:6162:5)
#1051   _InheritedNotifierElement.update (package:flutter/src/widgets/inherited_notifier.dart:108:11)
#1052   Element.updateChild (package:flutter/src/widgets/framework.dart:4050:15)
#1053   ComponentElement.performRebuild (package:flutter/src/widgets/framework.dart:5854:16)
#1054   StatefulElement.performRebuild (package:flutter/src/widgets/framework.dart:5995:11)
#1055   Element.rebuild (package:flutter/src/widgets/framework.dart:5542:7)
#1056   StatefulElement.update (package:flutter/src/widgets/framework.dart:6020:5)
#1057   Element.updateChild (package:flutter/src/widgets/framework.dart:4050:15)
#1058   ComponentElement.performRebuild (package:flutter/src/widgets/framework.dart:5854:16)
#1059   StatefulElement.performRebuild (package:flutter/src/widgets/framework.dart:5995:11)
#1060   Element.rebuild (package:flutter/src/widgets/framework.dart:5542:7)
#1061   StatefulElement.update (package:flutter/src/widgets/framework.dart:6020:5)
#1062   Element.updateChild (package:flutter/src/widgets/framework.dart:4050:15)
#1063   ComponentElement.performRebuild (package:flutter/src/widgets/framework.dart:5854:16)
#1064   Element.rebuild (package:flutter/src/widgets/framework.dart:5542:7)
#1065   ProxyElement.update (package:flutter/src/widgets/framework.dart:6162:5)
#1066   Element.updateChild (package:flutter/src/widgets/framework.dart:4050:15)
#1067   ComponentElement.performRebuild (package:flutter/src/widgets/framework.dart:5854:16)
#1068   StatefulElement.performRebuild (package:flutter/src/widgets/framework.dart:5995:11)
#1069   Element.rebuild (package:flutter/src/widgets/framework.dart:5542:7)
#1070   StatefulElement.update (package:flutter/src/widgets/framework.dart:6020:5)
#1071   Element.updateChild (package:flutter/src/widgets/framework.dart:4050:15)
#1072   ComponentElement.performRebuild (package:flutter/src/widgets/framework.dart:5854:16)
#1073   Element.rebuild (package:flutter/src/widgets/framework.dart:5542:7)
#1074   ProxyElement.update (package:flutter/src/widgets/framework.dart:6162:5)
#1075   Element.updateChild (package:flutter/src/widgets/framework.dart:4050:15)
#1076   ComponentElement.performRebuild (package:flutter/src/widgets/framework.dart:5854:16)
#1077   Element.rebuild (package:flutter/src/widgets/framework.dart:5542:7)
#1078   ProxyElement.update (package:flutter/src/widgets/framework.dart:6162:5)
#1079   Element.updateChild (package:flutter/src/widgets/framework.dart:4050:15)
#1080   _RawViewElement._updateChild (package:flutter/src/widgets/view.dart:488:16)
#1081   _RawViewElement.update (package:flutter/src/widgets/view.dart:575:5)
#1082   Element.updateChild (package:flutter/src/widgets/framework.dart:4050:15)
#1083   ComponentElement.performRebuild (package:flutter/src/widgets/framework.dart:5854:16)
#1084   Element.rebuild (package:flutter/src/widgets/framework.dart:5542:7)
#1085   StatelessElement.update (package:flutter/src/widgets/framework.dart:5908:5)
#1086   Element.updateChild (package:flutter/src/widgets/framework.dart:4050:15)
#1087   ComponentElement.performRebuild (package:flutter/src/widgets/framework.dart:5854:16)
#1088   StatefulElement.performRebuild (package:flutter/src/widgets/framework.dart:5995:11)
#1089   Element.rebuild (package:flutter/src/widgets/framework.dart:5542:7)
#1090   StatefulElement.update (package:flutter/src/widgets/framework.dart:6020:5)
#1091   Element.updateChild (package:flutter/src/widgets/framework.dart:4050:15)
#1092   RootElement._rebuild (package:flutter/src/widgets/binding.dart:2091:16)
#1093   RootElement.update (package:flutter/src/widgets/binding.dart:2069:5)
#1094   RootElement.performRebuild (package:flutter/src/widgets/binding.dart:2083:7)
#1095   Element.rebuild (package:flutter/src/widgets/framework.dart:5542:7)
#1096   BuildScope._tryRebuild (package:flutter/src/widgets/framework.dart:2763:15)
#1097   BuildScope._flushDirtyElements (package:flutter/src/widgets/framework.dart:2820:11)
#1098   BuildOwner.buildScope (package:flutter/src/widgets/framework.dart:3124:18)
#1099   AutomatedTestWidgetsFlutterBinding.drawFrame (package:flutter_test/src/binding.dart:2432:19)
#1100   RendererBinding._handlePersistentFrameCallback (package:flutter/src/rendering/binding.dart:558:5)
#1101   SchedulerBinding._invokeFrameCallback (package:flutter/src/scheduler/binding.dart:1430:15)
#1102   SchedulerBinding.handleDrawFrame (package:flutter/src/scheduler/binding.dart:1345:9)
#1103   AutomatedTestWidgetsFlutterBinding.pump.<anonymous closure> (package:flutter_test/src/binding.dart:2261:9)
#1106   TestAsyncUtils.guard (package:flutter_test/src/test_async_utils.dart:74:41)
#1107   AutomatedTestWidgetsFlutterBinding.pump (package:flutter_test/src/binding.dart:2250:27)
#1108   WidgetTester.pumpWidget.<anonymous closure> (package:flutter_test/src/widget_tester.dart:598:22)
#1111   TestAsyncUtils.guard (package:flutter_test/src/test_async_utils.dart:74:41)
#1112   WidgetTester.pumpWidget (package:flutter_test/src/widget_tester.dart:595:27)
#1113   main.<anonymous closure> (file:///C:/Users/ADMIN/Desktop/CocEnglish/apps/mobile/test/english_journey_test.dart:66:24)
#1114   testWidgets.<anonymous closure>.<anonymous closure> (package:flutter_test/src/widget_tester.dart:192:29)
<asynchronous suspension>
#1115   TestWidgetsFlutterBinding._runTestBody (package:flutter_test/src/binding.dart:1953:5)
<asynchronous suspension>
<asynchronous suspension>
(elided 5 frames from dart:async and package:stack_trace)
════════════════════════════════════════════════════════════════════════════════════════════════════
══╡ EXCEPTION CAUGHT BY REFERENCE ILLUSTRATION ╞════════════════════════════════════════════════════
The following assertion was thrown:
Unable to load asset: "assets/reference_art/story-portrait.png".
The asset does not exist or has empty data.

When the exception was thrown, this was the stack:
#0      PlatformAssetBundle.load (package:flutter/src/services/asset_bundle.dart:340:7)
#1      PlatformAssetBundle.loadBuffer (package:flutter/src/services/asset_bundle.dart:367:36)
#2      AssetBundleImageProvider._loadAsync (package:flutter/src/painting/image_provider.dart:787:33)
#3      AssetBundleImageProvider.loadImage (package:flutter/src/painting/image_provider.dart:747:14)
#4      ImageProvider.resolveStreamForKey.<anonymous closure> (package:flutter/src/painting/image_provider.dart:550:39)
#5      ImageCache.putIfAbsent (package:flutter/src/painting/image_cache.dart:368:22)
#6      ImageProvider.resolveStreamForKey (package:flutter/src/painting/image_provider.dart:547:81)
#7      ImageProvider.resolve.<anonymous closure> (package:flutter/src/painting/image_provider.dart:383:9)
#8      ImageProvider._createErrorHandlerAndKey.<anonymous closure> (package:flutter/src/painting/image_provider.dart:503:28)
#9      SynchronousFuture.then (package:flutter/src/foundation/synchronous_future.dart:44:27)
#10     ImageProvider._createErrorHandlerAndKey (package:flutter/src/painting/image_provider.dart:500:10)
#11     ImageProvider.resolve (package:flutter/src/painting/image_provider.dart:380:5)
#12     _ReferenceArtState._resolve (package:cocenglish/core/design/reference_art.dart:163:10)
#13     _ReferenceArtState.didChangeDependencies (package:cocenglish/core/design/reference_art.dart:152:5)
#14     StatefulElement._firstBuild (package:flutter/src/widgets/framework.dart:5981:11)
#15     ComponentElement.mount (package:flutter/src/widgets/framework.dart:5806:5)
#16     Element.inflateWidget (package:flutter/src/widgets/framework.dart:4600:20)
#17     MultiChildRenderObjectElement.inflateWidget (package:flutter/src/widgets/framework.dart:7277:36)
#18     MultiChildRenderObjectElement.mount (package:flutter/src/widgets/framework.dart:7292:32)
#19     Element.inflateWidget (package:flutter/src/widgets/framework.dart:4600:20)
#20     MultiChildRenderObjectElement.inflateWidget (package:flutter/src/widgets/framework.dart:7277:36)
#21     MultiChildRenderObjectElement.mount (package:flutter/src/widgets/framework.dart:7292:32)
...     Normal element mounting (105 frames)
#126    Element.inflateWidget (package:flutter/src/widgets/framework.dart:4600:20)
#127    MultiChildRenderObjectElement.inflateWidget (package:flutter/src/widgets/framework.dart:7277:36)
#128    MultiChildRenderObjectElement.mount (package:flutter/src/widgets/framework.dart:7292:32)
...     Normal element mounting (40 frames)
#168    Element.inflateWidget (package:flutter/src/widgets/framework.dart:4600:20)
#169    MultiChildRenderObjectElement.inflateWidget (package:flutter/src/widgets/framework.dart:7277:36)
#170    MultiChildRenderObjectElement.mount (package:flutter/src/widgets/framework.dart:7292:32)
...     Normal element mounting (111 frames)
#281    ConsumerStatefulElement.mount (package:flutter_riverpod/src/core/consumer.dart:389:11)
...     Normal element mounting (260 frames)
#541    Element.inflateWidget (package:flutter/src/widgets/framework.dart:4600:20)
#542    MultiChildRenderObjectElement.inflateWidget (package:flutter/src/widgets/framework.dart:7277:36)
#543    MultiChildRenderObjectElement.mount (package:flutter/src/widgets/framework.dart:7292:32)
...     Normal element mounting (493 frames)
#1036   Element.inflateWidget (package:flutter/src/widgets/framework.dart:4600:20)
#1037   Element.updateChild (package:flutter/src/widgets/framework.dart:4066:20)
#1038   ComponentElement.performRebuild (package:flutter/src/widgets/framework.dart:5854:16)
#1039   Element.rebuild (package:flutter/src/widgets/framework.dart:5542:7)
#1040   ProxyElement.update (package:flutter/src/widgets/framework.dart:6162:5)
#1041   _InheritedNotifierElement.update (package:flutter/src/widgets/inherited_notifier.dart:108:11)
#1042   Element.updateChild (package:flutter/src/widgets/framework.dart:4050:15)
#1043   ComponentElement.performRebuild (package:flutter/src/widgets/framework.dart:5854:16)
#1044   StatefulElement.performRebuild (package:flutter/src/widgets/framework.dart:5995:11)
#1045   Element.rebuild (package:flutter/src/widgets/framework.dart:5542:7)
#1046   StatefulElement.update (package:flutter/src/widgets/framework.dart:6020:5)
#1047   Element.updateChild (package:flutter/src/widgets/framework.dart:4050:15)
#1048   ComponentElement.performRebuild (package:flutter/src/widgets/framework.dart:5854:16)
#1049   Element.rebuild (package:flutter/src/widgets/framework.dart:5542:7)
#1050   ProxyElement.update (package:flutter/src/widgets/framework.dart:6162:5)
#1051   _InheritedNotifierElement.update (package:flutter/src/widgets/inherited_notifier.dart:108:11)
#1052   Element.updateChild (package:flutter/src/widgets/framework.dart:4050:15)
#1053   ComponentElement.performRebuild (package:flutter/src/widgets/framework.dart:5854:16)
#1054   StatefulElement.performRebuild (package:flutter/src/widgets/framework.dart:5995:11)
#1055   Element.rebuild (package:flutter/src/widgets/framework.dart:5542:7)
#1056   StatefulElement.update (package:flutter/src/widgets/framework.dart:6020:5)
#1057   Element.updateChild (package:flutter/src/widgets/framework.dart:4050:15)
#1058   ComponentElement.performRebuild (package:flutter/src/widgets/framework.dart:5854:16)
#1059   StatefulElement.performRebuild (package:flutter/src/widgets/framework.dart:5995:11)
#1060   Element.rebuild (package:flutter/src/widgets/framework.dart:5542:7)
#1061   StatefulElement.update (package:flutter/src/widgets/framework.dart:6020:5)
#1062   Element.updateChild (package:flutter/src/widgets/framework.dart:4050:15)
#1063   ComponentElement.performRebuild (package:flutter/src/widgets/framework.dart:5854:16)
#1064   Element.rebuild (package:flutter/src/widgets/framework.dart:5542:7)
#1065   ProxyElement.update (package:flutter/src/widgets/framework.dart:6162:5)
#1066   Element.updateChild (package:flutter/src/widgets/framework.dart:4050:15)
#1067   ComponentElement.performRebuild (package:flutter/src/widgets/framework.dart:5854:16)
#1068   StatefulElement.performRebuild (package:flutter/src/widgets/framework.dart:5995:11)
#1069   Element.rebuild (package:flutter/src/widgets/framework.dart:5542:7)
#1070   StatefulElement.update (package:flutter/src/widgets/framework.dart:6020:5)
#1071   Element.updateChild (package:flutter/src/widgets/framework.dart:4050:15)
#1072   ComponentElement.performRebuild (package:flutter/src/widgets/framework.dart:5854:16)
#1073   Element.rebuild (package:flutter/src/widgets/framework.dart:5542:7)
#1074   ProxyElement.update (package:flutter/src/widgets/framework.dart:6162:5)
#1075   Element.updateChild (package:flutter/src/widgets/framework.dart:4050:15)
#1076   ComponentElement.performRebuild (package:flutter/src/widgets/framework.dart:5854:16)
#1077   Element.rebuild (package:flutter/src/widgets/framework.dart:5542:7)
#1078   ProxyElement.update (package:flutter/src/widgets/framework.dart:6162:5)
#1079   Element.updateChild (package:flutter/src/widgets/framework.dart:4050:15)
#1080   _RawViewElement._updateChild (package:flutter/src/widgets/view.dart:488:16)
#1081   _RawViewElement.update (package:flutter/src/widgets/view.dart:575:5)
#1082   Element.updateChild (package:flutter/src/widgets/framework.dart:4050:15)
#1083   ComponentElement.performRebuild (package:flutter/src/widgets/framework.dart:5854:16)
#1084   Element.rebuild (package:flutter/src/widgets/framework.dart:5542:7)
#1085   StatelessElement.update (package:flutter/src/widgets/framework.dart:5908:5)
#1086   Element.updateChild (package:flutter/src/widgets/framework.dart:4050:15)
#1087   ComponentElement.performRebuild (package:flutter/src/widgets/framework.dart:5854:16)
#1088   StatefulElement.performRebuild (package:flutter/src/widgets/framework.dart:5995:11)
#1089   Element.rebuild (package:flutter/src/widgets/framework.dart:5542:7)
#1090   StatefulElement.update (package:flutter/src/widgets/framework.dart:6020:5)
#1091   Element.updateChild (package:flutter/src/widgets/framework.dart:4050:15)
#1092   RootElement._rebuild (package:flutter/src/widgets/binding.dart:2091:16)
#1093   RootElement.update (package:flutter/src/widgets/binding.dart:2069:5)
#1094   RootElement.performRebuild (package:flutter/src/widgets/binding.dart:2083:7)
#1095   Element.rebuild (package:flutter/src/widgets/framework.dart:5542:7)
#1096   BuildScope._tryRebuild (package:flutter/src/widgets/framework.dart:2763:15)
#1097   BuildScope._flushDirtyElements (package:flutter/src/widgets/framework.dart:2820:11)
#1098   BuildOwner.buildScope (package:flutter/src/widgets/framework.dart:3124:18)
#1099   AutomatedTestWidgetsFlutterBinding.drawFrame (package:flutter_test/src/binding.dart:2432:19)
#1100   RendererBinding._handlePersistentFrameCallback (package:flutter/src/rendering/binding.dart:558:5)
#1101   SchedulerBinding._invokeFrameCallback (package:flutter/src/scheduler/binding.dart:1430:15)
#1102   SchedulerBinding.handleDrawFrame (package:flutter/src/scheduler/binding.dart:1345:9)
#1103   AutomatedTestWidgetsFlutterBinding.pump.<anonymous closure> (package:flutter_test/src/binding.dart:2261:9)
#1106   TestAsyncUtils.guard (package:flutter_test/src/test_async_utils.dart:74:41)
#1107   AutomatedTestWidgetsFlutterBinding.pump (package:flutter_test/src/binding.dart:2250:27)
#1108   WidgetTester.pumpWidget.<anonymous closure> (package:flutter_test/src/widget_tester.dart:598:22)
#1111   TestAsyncUtils.guard (package:flutter_test/src/test_async_utils.dart:74:41)
#1112   WidgetTester.pumpWidget (package:flutter_test/src/widget_tester.dart:595:27)
#1113   main.<anonymous closure> (file:///C:/Users/ADMIN/Desktop/CocEnglish/apps/mobile/test/english_journey_test.dart:66:24)
#1114   testWidgets.<anonymous closure>.<anonymous closure> (package:flutter_test/src/widget_tester.dart:192:29)
<asynchronous suspension>
#1115   TestWidgetsFlutterBinding._runTestBody (package:flutter_test/src/binding.dart:1953:5)
<asynchronous suspension>
<asynchronous suspension>
(elided 5 frames from dart:async and package:stack_trace)
════════════════════════════════════════════════════════════════════════════════════════════════════
══╡ EXCEPTION CAUGHT BY REFERENCE ILLUSTRATION ╞════════════════════════════════════════════════════
The following assertion was thrown:
Unable to load asset: "assets/reference_art/story-portrait.png".
The asset does not exist or has empty data.

When the exception was thrown, this was the stack:
#0      PlatformAssetBundle.load (package:flutter/src/services/asset_bundle.dart:340:7)
#1      PlatformAssetBundle.loadBuffer (package:flutter/src/services/asset_bundle.dart:367:36)
#2      AssetBundleImageProvider._loadAsync (package:flutter/src/painting/image_provider.dart:787:33)
#3      AssetBundleImageProvider.loadImage (package:flutter/src/painting/image_provider.dart:747:14)
#4      ImageProvider.resolveStreamForKey.<anonymous closure> (package:flutter/src/painting/image_provider.dart:550:39)
#5      ImageCache.putIfAbsent (package:flutter/src/painting/image_cache.dart:368:22)
#6      ImageProvider.resolveStreamForKey (package:flutter/src/painting/image_provider.dart:547:81)
#7      ImageProvider.resolve.<anonymous closure> (package:flutter/src/painting/image_provider.dart:383:9)
#8      ImageProvider._createErrorHandlerAndKey.<anonymous closure> (package:flutter/src/painting/image_provider.dart:503:28)
#9      SynchronousFuture.then (package:flutter/src/foundation/synchronous_future.dart:44:27)
#10     ImageProvider._createErrorHandlerAndKey (package:flutter/src/painting/image_provider.dart:500:10)
#11     ImageProvider.resolve (package:flutter/src/painting/image_provider.dart:380:5)
#12     _ReferenceArtState._resolve (package:cocenglish/core/design/reference_art.dart:163:10)
#13     _ReferenceArtState.didChangeDependencies (package:cocenglish/core/design/reference_art.dart:152:5)
#14     StatefulElement._firstBuild (package:flutter/src/widgets/framework.dart:5981:11)
#15     ComponentElement.mount (package:flutter/src/widgets/framework.dart:5806:5)
#16     Element.inflateWidget (package:flutter/src/widgets/framework.dart:4600:20)
#17     MultiChildRenderObjectElement.inflateWidget (package:flutter/src/widgets/framework.dart:7277:36)
#18     MultiChildRenderObjectElement.mount (package:flutter/src/widgets/framework.dart:7292:32)
#19     Element.inflateWidget (package:flutter/src/widgets/framework.dart:4600:20)
#20     MultiChildRenderObjectElement.inflateWidget (package:flutter/src/widgets/framework.dart:7277:36)
#21     MultiChildRenderObjectElement.mount (package:flutter/src/widgets/framework.dart:7292:32)
...     Normal element mounting (105 frames)
#126    Element.inflateWidget (package:flutter/src/widgets/framework.dart:4600:20)
#127    MultiChildRenderObjectElement.inflateWidget (package:flutter/src/widgets/framework.dart:7277:36)
#128    MultiChildRenderObjectElement.mount (package:flutter/src/widgets/framework.dart:7292:32)
...     Normal element mounting (40 frames)
#168    Element.inflateWidget (package:flutter/src/widgets/framework.dart:4600:20)
#169    MultiChildRenderObjectElement.inflateWidget (package:flutter/src/widgets/framework.dart:7277:36)
#170    MultiChildRenderObjectElement.mount (package:flutter/src/widgets/framework.dart:7292:32)
...     Normal element mounting (111 frames)
#281    ConsumerStatefulElement.mount (package:flutter_riverpod/src/core/consumer.dart:389:11)
...     Normal element mounting (260 frames)
#541    Element.inflateWidget (package:flutter/src/widgets/framework.dart:4600:20)
#542    MultiChildRenderObjectElement.inflateWidget (package:flutter/src/widgets/framework.dart:7277:36)
#543    MultiChildRenderObjectElement.mount (package:flutter/src/widgets/framework.dart:7292:32)
...     Normal element mounting (493 frames)
#1036   Element.inflateWidget (package:flutter/src/widgets/framework.dart:4600:20)
#1037   Element.updateChild (package:flutter/src/widgets/framework.dart:4066:20)
#1038   ComponentElement.performRebuild (package:flutter/src/widgets/framework.dart:5854:16)
#1039   Element.rebuild (package:flutter/src/widgets/framework.dart:5542:7)
#1040   ProxyElement.update (package:flutter/src/widgets/framework.dart:6162:5)
#1041   _InheritedNotifierElement.update (package:flutter/src/widgets/inherited_notifier.dart:108:11)
#1042   Element.updateChild (package:flutter/src/widgets/framework.dart:4050:15)
#1043   ComponentElement.performRebuild (package:flutter/src/widgets/framework.dart:5854:16)
#1044   StatefulElement.performRebuild (package:flutter/src/widgets/framework.dart:5995:11)
#1045   Element.rebuild (package:flutter/src/widgets/framework.dart:5542:7)
#1046   StatefulElement.update (package:flutter/src/widgets/framework.dart:6020:5)
#1047   Element.updateChild (package:flutter/src/widgets/framework.dart:4050:15)
#1048   ComponentElement.performRebuild (package:flutter/src/widgets/framework.dart:5854:16)
#1049   Element.rebuild (package:flutter/src/widgets/framework.dart:5542:7)
#1050   ProxyElement.update (package:flutter/src/widgets/framework.dart:6162:5)
#1051   _InheritedNotifierElement.update (package:flutter/src/widgets/inherited_notifier.dart:108:11)
#1052   Element.updateChild (package:flutter/src/widgets/framework.dart:4050:15)
#1053   ComponentElement.performRebuild (package:flutter/src/widgets/framework.dart:5854:16)
#1054   StatefulElement.performRebuild (package:flutter/src/widgets/framework.dart:5995:11)
#1055   Element.rebuild (package:flutter/src/widgets/framework.dart:5542:7)
#1056   StatefulElement.update (package:flutter/src/widgets/framework.dart:6020:5)
#1057   Element.updateChild (package:flutter/src/widgets/framework.dart:4050:15)
#1058   ComponentElement.performRebuild (package:flutter/src/widgets/framework.dart:5854:16)
#1059   StatefulElement.performRebuild (package:flutter/src/widgets/framework.dart:5995:11)
#1060   Element.rebuild (package:flutter/src/widgets/framework.dart:5542:7)
#1061   StatefulElement.update (package:flutter/src/widgets/framework.dart:6020:5)
#1062   Element.updateChild (package:flutter/src/widgets/framework.dart:4050:15)
#1063   ComponentElement.performRebuild (package:flutter/src/widgets/framework.dart:5854:16)
#1064   Element.rebuild (package:flutter/src/widgets/framework.dart:5542:7)
#1065   ProxyElement.update (package:flutter/src/widgets/framework.dart:6162:5)
#1066   Element.updateChild (package:flutter/src/widgets/framework.dart:4050:15)
#1067   ComponentElement.performRebuild (package:flutter/src/widgets/framework.dart:5854:16)
#1068   StatefulElement.performRebuild (package:flutter/src/widgets/framework.dart:5995:11)
#1069   Element.rebuild (package:flutter/src/widgets/framework.dart:5542:7)
#1070   StatefulElement.update (package:flutter/src/widgets/framework.dart:6020:5)
#1071   Element.updateChild (package:flutter/src/widgets/framework.dart:4050:15)
#1072   ComponentElement.performRebuild (package:flutter/src/widgets/framework.dart:5854:16)
#1073   Element.rebuild (package:flutter/src/widgets/framework.dart:5542:7)
#1074   ProxyElement.update (package:flutter/src/widgets/framework.dart:6162:5)
#1075   Element.updateChild (package:flutter/src/widgets/framework.dart:4050:15)
#1076   ComponentElement.performRebuild (package:flutter/src/widgets/framework.dart:5854:16)
#1077   Element.rebuild (package:flutter/src/widgets/framework.dart:5542:7)
#1078   ProxyElement.update (package:flutter/src/widgets/framework.dart:6162:5)
#1079   Element.updateChild (package:flutter/src/widgets/framework.dart:4050:15)
#1080   _RawViewElement._updateChild (package:flutter/src/widgets/view.dart:488:16)
#1081   _RawViewElement.update (package:flutter/src/widgets/view.dart:575:5)
#1082   Element.updateChild (package:flutter/src/widgets/framework.dart:4050:15)
#1083   ComponentElement.performRebuild (package:flutter/src/widgets/framework.dart:5854:16)
#1084   Element.rebuild (package:flutter/src/widgets/framework.dart:5542:7)
#1085   StatelessElement.update (package:flutter/src/widgets/framework.dart:5908:5)
#1086   Element.updateChild (package:flutter/src/widgets/framework.dart:4050:15)
#1087   ComponentElement.performRebuild (package:flutter/src/widgets/framework.dart:5854:16)
#1088   StatefulElement.performRebuild (package:flutter/src/widgets/framework.dart:5995:11)
#1089   Element.rebuild (package:flutter/src/widgets/framework.dart:5542:7)
#1090   StatefulElement.update (package:flutter/src/widgets/framework.dart:6020:5)
#1091   Element.updateChild (package:flutter/src/widgets/framework.dart:4050:15)
#1092   RootElement._rebuild (package:flutter/src/widgets/binding.dart:2091:16)
#1093   RootElement.update (package:flutter/src/widgets/binding.dart:2069:5)
#1094   RootElement.performRebuild (package:flutter/src/widgets/binding.dart:2083:7)
#1095   Element.rebuild (package:flutter/src/widgets/framework.dart:5542:7)
#1096   BuildScope._tryRebuild (package:flutter/src/widgets/framework.dart:2763:15)
#1097   BuildScope._flushDirtyElements (package:flutter/src/widgets/framework.dart:2820:11)
#1098   BuildOwner.buildScope (package:flutter/src/widgets/framework.dart:3124:18)
#1099   AutomatedTestWidgetsFlutterBinding.drawFrame (package:flutter_test/src/binding.dart:2432:19)
#1100   RendererBinding._handlePersistentFrameCallback (package:flutter/src/rendering/binding.dart:558:5)
#1101   SchedulerBinding._invokeFrameCallback (package:flutter/src/scheduler/binding.dart:1430:15)
#1102   SchedulerBinding.handleDrawFrame (package:flutter/src/scheduler/binding.dart:1345:9)
#1103   AutomatedTestWidgetsFlutterBinding.pump.<anonymous closure> (package:flutter_test/src/binding.dart:2261:9)
#1106   TestAsyncUtils.guard (package:flutter_test/src/test_async_utils.dart:74:41)
#1107   AutomatedTestWidgetsFlutterBinding.pump (package:flutter_test/src/binding.dart:2250:27)
#1108   WidgetTester.pumpWidget.<anonymous closure> (package:flutter_test/src/widget_tester.dart:598:22)
#1111   TestAsyncUtils.guard (package:flutter_test/src/test_async_utils.dart:74:41)
#1112   WidgetTester.pumpWidget (package:flutter_test/src/widget_tester.dart:595:27)
#1113   main.<anonymous closure> (file:///C:/Users/ADMIN/Desktop/CocEnglish/apps/mobile/test/english_journey_test.dart:66:24)
#1114   testWidgets.<anonymous closure>.<anonymous closure> (package:flutter_test/src/widget_tester.dart:192:29)
<asynchronous suspension>
#1115   TestWidgetsFlutterBinding._runTestBody (package:flutter_test/src/binding.dart:1953:5)
<asynchronous suspension>
<asynchronous suspension>
(elided 5 frames from dart:async and package:stack_trace)
════════════════════════════════════════════════════════════════════════════════════════════════════
══╡ EXCEPTION CAUGHT BY FLUTTER TEST FRAMEWORK ╞════════════════════════════════════════════════════
The following TestFailure was thrown running a test:
Expected: null
  Actual: 'Multiple exceptions (4) were detected during the running of the current test, and at
least one was unexpected.'
story

When the exception was thrown, this was the stack:
#4      main.<anonymous closure> (file:///C:/Users/ADMIN/Desktop/CocEnglish/apps/mobile/test/english_journey_test.dart:83:11)
<asynchronous suspension>
#5      testWidgets.<anonymous closure>.<anonymous closure> (package:flutter_test/src/widget_tester.dart:192:15)
<asynchronous suspension>
#6      TestWidgetsFlutterBinding._runTestBody (package:flutter_test/src/binding.dart:1953:5)
<asynchronous suspension>
<asynchronous suspension>
(elided one frame from package:stack_trace)

This was caught by the test expectation on the following line:
  file:///C:/Users/ADMIN/Desktop/CocEnglish/apps/mobile/test/english_journey_test.dart line 83
The test description was:
  English journey states fit width430.0 text1.0
════════════════════════════════════════════════════════════════════════════════════════════════════
00:02 +0 -4: English journey states fit width430.0 text1.0 [E]
  Test failed. See exception logs above.
  The test description was: English journey states fit width430.0 text1.0
  
00:02 +0 -4: English journey states fit width430.0 text2.0
══╡ EXCEPTION CAUGHT BY REFERENCE ILLUSTRATION ╞════════════════════════════════════════════════════
The following assertion was thrown:
Unable to load asset: "assets/reference_art/story-portrait.png".
The asset does not exist or has empty data.

When the exception was thrown, this was the stack:
#0      PlatformAssetBundle.load (package:flutter/src/services/asset_bundle.dart:340:7)
#1      PlatformAssetBundle.loadBuffer (package:flutter/src/services/asset_bundle.dart:367:36)
#2      AssetBundleImageProvider._loadAsync (package:flutter/src/painting/image_provider.dart:787:33)
#3      AssetBundleImageProvider.loadImage (package:flutter/src/painting/image_provider.dart:747:14)
#4      ImageProvider.resolveStreamForKey.<anonymous closure> (package:flutter/src/painting/image_provider.dart:550:39)
#5      ImageCache.putIfAbsent (package:flutter/src/painting/image_cache.dart:368:22)
#6      ImageProvider.resolveStreamForKey (package:flutter/src/painting/image_provider.dart:547:81)
#7      ImageProvider.resolve.<anonymous closure> (package:flutter/src/painting/image_provider.dart:383:9)
#8      ImageProvider._createErrorHandlerAndKey.<anonymous closure> (package:flutter/src/painting/image_provider.dart:503:28)
#9      SynchronousFuture.then (package:flutter/src/foundation/synchronous_future.dart:44:27)
#10     ImageProvider._createErrorHandlerAndKey (package:flutter/src/painting/image_provider.dart:500:10)
#11     ImageProvider.resolve (package:flutter/src/painting/image_provider.dart:380:5)
#12     _ReferenceArtState._resolve (package:cocenglish/core/design/reference_art.dart:163:10)
#13     _ReferenceArtState.didChangeDependencies (package:cocenglish/core/design/reference_art.dart:152:5)
#14     StatefulElement._firstBuild (package:flutter/src/widgets/framework.dart:5981:11)
#15     ComponentElement.mount (package:flutter/src/widgets/framework.dart:5806:5)
#16     Element.inflateWidget (package:flutter/src/widgets/framework.dart:4600:20)
#17     MultiChildRenderObjectElement.inflateWidget (package:flutter/src/widgets/framework.dart:7277:36)
#18     MultiChildRenderObjectElement.mount (package:flutter/src/widgets/framework.dart:7292:32)
#19     Element.inflateWidget (package:flutter/src/widgets/framework.dart:4600:20)
#20     MultiChildRenderObjectElement.inflateWidget (package:flutter/src/widgets/framework.dart:7277:36)
#21     MultiChildRenderObjectElement.mount (package:flutter/src/widgets/framework.dart:7292:32)
...     Normal element mounting (105 frames)
#126    Element.inflateWidget (package:flutter/src/widgets/framework.dart:4600:20)
#127    MultiChildRenderObjectElement.inflateWidget (package:flutter/src/widgets/framework.dart:7277:36)
#128    MultiChildRenderObjectElement.mount (package:flutter/src/widgets/framework.dart:7292:32)
...     Normal element mounting (40 frames)
#168    Element.inflateWidget (package:flutter/src/widgets/framework.dart:4600:20)
#169    MultiChildRenderObjectElement.inflateWidget (package:flutter/src/widgets/framework.dart:7277:36)
#170    MultiChildRenderObjectElement.mount (package:flutter/src/widgets/framework.dart:7292:32)
...     Normal element mounting (111 frames)
#281    ConsumerStatefulElement.mount (package:flutter_riverpod/src/core/consumer.dart:389:11)
...     Normal element mounting (260 frames)
#541    Element.inflateWidget (package:flutter/src/widgets/framework.dart:4600:20)
#542    MultiChildRenderObjectElement.inflateWidget (package:flutter/src/widgets/framework.dart:7277:36)
#543    MultiChildRenderObjectElement.mount (package:flutter/src/widgets/framework.dart:7292:32)
...     Normal element mounting (493 frames)
#1036   Element.inflateWidget (package:flutter/src/widgets/framework.dart:4600:20)
#1037   Element.updateChild (package:flutter/src/widgets/framework.dart:4066:20)
#1038   ComponentElement.performRebuild (package:flutter/src/widgets/framework.dart:5854:16)
#1039   Element.rebuild (package:flutter/src/widgets/framework.dart:5542:7)
#1040   ProxyElement.update (package:flutter/src/widgets/framework.dart:6162:5)
#1041   _InheritedNotifierElement.update (package:flutter/src/widgets/inherited_notifier.dart:108:11)
#1042   Element.updateChild (package:flutter/src/widgets/framework.dart:4050:15)
#1043   ComponentElement.performRebuild (package:flutter/src/widgets/framework.dart:5854:16)
#1044   StatefulElement.performRebuild (package:flutter/src/widgets/framework.dart:5995:11)
#1045   Element.rebuild (package:flutter/src/widgets/framework.dart:5542:7)
#1046   StatefulElement.update (package:flutter/src/widgets/framework.dart:6020:5)
#1047   Element.updateChild (package:flutter/src/widgets/framework.dart:4050:15)
#1048   ComponentElement.performRebuild (package:flutter/src/widgets/framework.dart:5854:16)
#1049   Element.rebuild (package:flutter/src/widgets/framework.dart:5542:7)
#1050   ProxyElement.update (package:flutter/src/widgets/framework.dart:6162:5)
#1051   _InheritedNotifierElement.update (package:flutter/src/widgets/inherited_notifier.dart:108:11)
#1052   Element.updateChild (package:flutter/src/widgets/framework.dart:4050:15)
#1053   ComponentElement.performRebuild (package:flutter/src/widgets/framework.dart:5854:16)
#1054   StatefulElement.performRebuild (package:flutter/src/widgets/framework.dart:5995:11)
#1055   Element.rebuild (package:flutter/src/widgets/framework.dart:5542:7)
#1056   StatefulElement.update (package:flutter/src/widgets/framework.dart:6020:5)
#1057   Element.updateChild (package:flutter/src/widgets/framework.dart:4050:15)
#1058   ComponentElement.performRebuild (package:flutter/src/widgets/framework.dart:5854:16)
#1059   StatefulElement.performRebuild (package:flutter/src/widgets/framework.dart:5995:11)
#1060   Element.rebuild (package:flutter/src/widgets/framework.dart:5542:7)
#1061   StatefulElement.update (package:flutter/src/widgets/framework.dart:6020:5)
#1062   Element.updateChild (package:flutter/src/widgets/framework.dart:4050:15)
#1063   ComponentElement.performRebuild (package:flutter/src/widgets/framework.dart:5854:16)
#1064   Element.rebuild (package:flutter/src/widgets/framework.dart:5542:7)
#1065   ProxyElement.update (package:flutter/src/widgets/framework.dart:6162:5)
#1066   Element.updateChild (package:flutter/src/widgets/framework.dart:4050:15)
#1067   ComponentElement.performRebuild (package:flutter/src/widgets/framework.dart:5854:16)
#1068   StatefulElement.performRebuild (package:flutter/src/widgets/framework.dart:5995:11)
#1069   Element.rebuild (package:flutter/src/widgets/framework.dart:5542:7)
#1070   StatefulElement.update (package:flutter/src/widgets/framework.dart:6020:5)
#1071   Element.updateChild (package:flutter/src/widgets/framework.dart:4050:15)
#1072   ComponentElement.performRebuild (package:flutter/src/widgets/framework.dart:5854:16)
#1073   Element.rebuild (package:flutter/src/widgets/framework.dart:5542:7)
#1074   ProxyElement.update (package:flutter/src/widgets/framework.dart:6162:5)
#1075   Element.updateChild (package:flutter/src/widgets/framework.dart:4050:15)
#1076   ComponentElement.performRebuild (package:flutter/src/widgets/framework.dart:5854:16)
#1077   Element.rebuild (package:flutter/src/widgets/framework.dart:5542:7)
#1078   ProxyElement.update (package:flutter/src/widgets/framework.dart:6162:5)
#1079   Element.updateChild (package:flutter/src/widgets/framework.dart:4050:15)
#1080   _RawViewElement._updateChild (package:flutter/src/widgets/view.dart:488:16)
#1081   _RawViewElement.update (package:flutter/src/widgets/view.dart:575:5)
#1082   Element.updateChild (package:flutter/src/widgets/framework.dart:4050:15)
#1083   ComponentElement.performRebuild (package:flutter/src/widgets/framework.dart:5854:16)
#1084   Element.rebuild (package:flutter/src/widgets/framework.dart:5542:7)
#1085   StatelessElement.update (package:flutter/src/widgets/framework.dart:5908:5)
#1086   Element.updateChild (package:flutter/src/widgets/framework.dart:4050:15)
#1087   ComponentElement.performRebuild (package:flutter/src/widgets/framework.dart:5854:16)
#1088   StatefulElement.performRebuild (package:flutter/src/widgets/framework.dart:5995:11)
#1089   Element.rebuild (package:flutter/src/widgets/framework.dart:5542:7)
#1090   StatefulElement.update (package:flutter/src/widgets/framework.dart:6020:5)
#1091   Element.updateChild (package:flutter/src/widgets/framework.dart:4050:15)
#1092   RootElement._rebuild (package:flutter/src/widgets/binding.dart:2091:16)
#1093   RootElement.update (package:flutter/src/widgets/binding.dart:2069:5)
#1094   RootElement.performRebuild (package:flutter/src/widgets/binding.dart:2083:7)
#1095   Element.rebuild (package:flutter/src/widgets/framework.dart:5542:7)
#1096   BuildScope._tryRebuild (package:flutter/src/widgets/framework.dart:2763:15)
#1097   BuildScope._flushDirtyElements (package:flutter/src/widgets/framework.dart:2820:11)
#1098   BuildOwner.buildScope (package:flutter/src/widgets/framework.dart:3124:18)
#1099   AutomatedTestWidgetsFlutterBinding.drawFrame (package:flutter_test/src/binding.dart:2432:19)
#1100   RendererBinding._handlePersistentFrameCallback (package:flutter/src/rendering/binding.dart:558:5)
#1101   SchedulerBinding._invokeFrameCallback (package:flutter/src/scheduler/binding.dart:1430:15)
#1102   SchedulerBinding.handleDrawFrame (package:flutter/src/scheduler/binding.dart:1345:9)
#1103   AutomatedTestWidgetsFlutterBinding.pump.<anonymous closure> (package:flutter_test/src/binding.dart:2261:9)
#1106   TestAsyncUtils.guard (package:flutter_test/src/test_async_utils.dart:74:41)
#1107   AutomatedTestWidgetsFlutterBinding.pump (package:flutter_test/src/binding.dart:2250:27)
#1108   WidgetTester.pumpWidget.<anonymous closure> (package:flutter_test/src/widget_tester.dart:598:22)
#1111   TestAsyncUtils.guard (package:flutter_test/src/test_async_utils.dart:74:41)
#1112   WidgetTester.pumpWidget (package:flutter_test/src/widget_tester.dart:595:27)
#1113   main.<anonymous closure> (file:///C:/Users/ADMIN/Desktop/CocEnglish/apps/mobile/test/english_journey_test.dart:66:24)
#1114   testWidgets.<anonymous closure>.<anonymous closure> (package:flutter_test/src/widget_tester.dart:192:29)
<asynchronous suspension>
#1115   TestWidgetsFlutterBinding._runTestBody (package:flutter_test/src/binding.dart:1953:5)
<asynchronous suspension>
<asynchronous suspension>
(elided 5 frames from dart:async and package:stack_trace)
════════════════════════════════════════════════════════════════════════════════════════════════════
══╡ EXCEPTION CAUGHT BY REFERENCE ILLUSTRATION ╞════════════════════════════════════════════════════
The following assertion was thrown:
Unable to load asset: "assets/reference_art/story-portrait.png".
The asset does not exist or has empty data.

When the exception was thrown, this was the stack:
#0      PlatformAssetBundle.load (package:flutter/src/services/asset_bundle.dart:340:7)
#1      PlatformAssetBundle.loadBuffer (package:flutter/src/services/asset_bundle.dart:367:36)
#2      AssetBundleImageProvider._loadAsync (package:flutter/src/painting/image_provider.dart:787:33)
#3      AssetBundleImageProvider.loadImage (package:flutter/src/painting/image_provider.dart:747:14)
#4      ImageProvider.resolveStreamForKey.<anonymous closure> (package:flutter/src/painting/image_provider.dart:550:39)
#5      ImageCache.putIfAbsent (package:flutter/src/painting/image_cache.dart:368:22)
#6      ImageProvider.resolveStreamForKey (package:flutter/src/painting/image_provider.dart:547:81)
#7      ImageProvider.resolve.<anonymous closure> (package:flutter/src/painting/image_provider.dart:383:9)
#8      ImageProvider._createErrorHandlerAndKey.<anonymous closure> (package:flutter/src/painting/image_provider.dart:503:28)
#9      SynchronousFuture.then (package:flutter/src/foundation/synchronous_future.dart:44:27)
#10     ImageProvider._createErrorHandlerAndKey (package:flutter/src/painting/image_provider.dart:500:10)
#11     ImageProvider.resolve (package:flutter/src/painting/image_provider.dart:380:5)
#12     _ReferenceArtState._resolve (package:cocenglish/core/design/reference_art.dart:163:10)
#13     _ReferenceArtState.didChangeDependencies (package:cocenglish/core/design/reference_art.dart:152:5)
#14     StatefulElement._firstBuild (package:flutter/src/widgets/framework.dart:5981:11)
#15     ComponentElement.mount (package:flutter/src/widgets/framework.dart:5806:5)
#16     Element.inflateWidget (package:flutter/src/widgets/framework.dart:4600:20)
#17     MultiChildRenderObjectElement.inflateWidget (package:flutter/src/widgets/framework.dart:7277:36)
#18     MultiChildRenderObjectElement.mount (package:flutter/src/widgets/framework.dart:7292:32)
#19     Element.inflateWidget (package:flutter/src/widgets/framework.dart:4600:20)
#20     MultiChildRenderObjectElement.inflateWidget (package:flutter/src/widgets/framework.dart:7277:36)
#21     MultiChildRenderObjectElement.mount (package:flutter/src/widgets/framework.dart:7292:32)
...     Normal element mounting (105 frames)
#126    Element.inflateWidget (package:flutter/src/widgets/framework.dart:4600:20)
#127    MultiChildRenderObjectElement.inflateWidget (package:flutter/src/widgets/framework.dart:7277:36)
#128    MultiChildRenderObjectElement.mount (package:flutter/src/widgets/framework.dart:7292:32)
...     Normal element mounting (40 frames)
#168    Element.inflateWidget (package:flutter/src/widgets/framework.dart:4600:20)
#169    MultiChildRenderObjectElement.inflateWidget (package:flutter/src/widgets/framework.dart:7277:36)
#170    MultiChildRenderObjectElement.mount (package:flutter/src/widgets/framework.dart:7292:32)
...     Normal element mounting (111 frames)
#281    ConsumerStatefulElement.mount (package:flutter_riverpod/src/core/consumer.dart:389:11)
...     Normal element mounting (260 frames)
#541    Element.inflateWidget (package:flutter/src/widgets/framework.dart:4600:20)
#542    MultiChildRenderObjectElement.inflateWidget (package:flutter/src/widgets/framework.dart:7277:36)
#543    MultiChildRenderObjectElement.mount (package:flutter/src/widgets/framework.dart:7292:32)
...     Normal element mounting (493 frames)
#1036   Element.inflateWidget (package:flutter/src/widgets/framework.dart:4600:20)
#1037   Element.updateChild (package:flutter/src/widgets/framework.dart:4066:20)
#1038   ComponentElement.performRebuild (package:flutter/src/widgets/framework.dart:5854:16)
#1039   Element.rebuild (package:flutter/src/widgets/framework.dart:5542:7)
#1040   ProxyElement.update (package:flutter/src/widgets/framework.dart:6162:5)
#1041   _InheritedNotifierElement.update (package:flutter/src/widgets/inherited_notifier.dart:108:11)
#1042   Element.updateChild (package:flutter/src/widgets/framework.dart:4050:15)
#1043   ComponentElement.performRebuild (package:flutter/src/widgets/framework.dart:5854:16)
#1044   StatefulElement.performRebuild (package:flutter/src/widgets/framework.dart:5995:11)
#1045   Element.rebuild (package:flutter/src/widgets/framework.dart:5542:7)
#1046   StatefulElement.update (package:flutter/src/widgets/framework.dart:6020:5)
#1047   Element.updateChild (package:flutter/src/widgets/framework.dart:4050:15)
#1048   ComponentElement.performRebuild (package:flutter/src/widgets/framework.dart:5854:16)
#1049   Element.rebuild (package:flutter/src/widgets/framework.dart:5542:7)
#1050   ProxyElement.update (package:flutter/src/widgets/framework.dart:6162:5)
#1051   _InheritedNotifierElement.update (package:flutter/src/widgets/inherited_notifier.dart:108:11)
#1052   Element.updateChild (package:flutter/src/widgets/framework.dart:4050:15)
#1053   ComponentElement.performRebuild (package:flutter/src/widgets/framework.dart:5854:16)
#1054   StatefulElement.performRebuild (package:flutter/src/widgets/framework.dart:5995:11)
#1055   Element.rebuild (package:flutter/src/widgets/framework.dart:5542:7)
#1056   StatefulElement.update (package:flutter/src/widgets/framework.dart:6020:5)
#1057   Element.updateChild (package:flutter/src/widgets/framework.dart:4050:15)
#1058   ComponentElement.performRebuild (package:flutter/src/widgets/framework.dart:5854:16)
#1059   StatefulElement.performRebuild (package:flutter/src/widgets/framework.dart:5995:11)
#1060   Element.rebuild (package:flutter/src/widgets/framework.dart:5542:7)
#1061   StatefulElement.update (package:flutter/src/widgets/framework.dart:6020:5)
#1062   Element.updateChild (package:flutter/src/widgets/framework.dart:4050:15)
#1063   ComponentElement.performRebuild (package:flutter/src/widgets/framework.dart:5854:16)
#1064   Element.rebuild (package:flutter/src/widgets/framework.dart:5542:7)
#1065   ProxyElement.update (package:flutter/src/widgets/framework.dart:6162:5)
#1066   Element.updateChild (package:flutter/src/widgets/framework.dart:4050:15)
#1067   ComponentElement.performRebuild (package:flutter/src/widgets/framework.dart:5854:16)
#1068   StatefulElement.performRebuild (package:flutter/src/widgets/framework.dart:5995:11)
#1069   Element.rebuild (package:flutter/src/widgets/framework.dart:5542:7)
#1070   StatefulElement.update (package:flutter/src/widgets/framework.dart:6020:5)
#1071   Element.updateChild (package:flutter/src/widgets/framework.dart:4050:15)
#1072   ComponentElement.performRebuild (package:flutter/src/widgets/framework.dart:5854:16)
#1073   Element.rebuild (package:flutter/src/widgets/framework.dart:5542:7)
#1074   ProxyElement.update (package:flutter/src/widgets/framework.dart:6162:5)
#1075   Element.updateChild (package:flutter/src/widgets/framework.dart:4050:15)
#1076   ComponentElement.performRebuild (package:flutter/src/widgets/framework.dart:5854:16)
#1077   Element.rebuild (package:flutter/src/widgets/framework.dart:5542:7)
#1078   ProxyElement.update (package:flutter/src/widgets/framework.dart:6162:5)
#1079   Element.updateChild (package:flutter/src/widgets/framework.dart:4050:15)
#1080   _RawViewElement._updateChild (package:flutter/src/widgets/view.dart:488:16)
#1081   _RawViewElement.update (package:flutter/src/widgets/view.dart:575:5)
#1082   Element.updateChild (package:flutter/src/widgets/framework.dart:4050:15)
#1083   ComponentElement.performRebuild (package:flutter/src/widgets/framework.dart:5854:16)
#1084   Element.rebuild (package:flutter/src/widgets/framework.dart:5542:7)
#1085   StatelessElement.update (package:flutter/src/widgets/framework.dart:5908:5)
#1086   Element.updateChild (package:flutter/src/widgets/framework.dart:4050:15)
#1087   ComponentElement.performRebuild (package:flutter/src/widgets/framework.dart:5854:16)
#1088   StatefulElement.performRebuild (package:flutter/src/widgets/framework.dart:5995:11)
#1089   Element.rebuild (package:flutter/src/widgets/framework.dart:5542:7)
#1090   StatefulElement.update (package:flutter/src/widgets/framework.dart:6020:5)
#1091   Element.updateChild (package:flutter/src/widgets/framework.dart:4050:15)
#1092   RootElement._rebuild (package:flutter/src/widgets/binding.dart:2091:16)
#1093   RootElement.update (package:flutter/src/widgets/binding.dart:2069:5)
#1094   RootElement.performRebuild (package:flutter/src/widgets/binding.dart:2083:7)
#1095   Element.rebuild (package:flutter/src/widgets/framework.dart:5542:7)
#1096   BuildScope._tryRebuild (package:flutter/src/widgets/framework.dart:2763:15)
#1097   BuildScope._flushDirtyElements (package:flutter/src/widgets/framework.dart:2820:11)
#1098   BuildOwner.buildScope (package:flutter/src/widgets/framework.dart:3124:18)
#1099   AutomatedTestWidgetsFlutterBinding.drawFrame (package:flutter_test/src/binding.dart:2432:19)
#1100   RendererBinding._handlePersistentFrameCallback (package:flutter/src/rendering/binding.dart:558:5)
#1101   SchedulerBinding._invokeFrameCallback (package:flutter/src/scheduler/binding.dart:1430:15)
#1102   SchedulerBinding.handleDrawFrame (package:flutter/src/scheduler/binding.dart:1345:9)
#1103   AutomatedTestWidgetsFlutterBinding.pump.<anonymous closure> (package:flutter_test/src/binding.dart:2261:9)
#1106   TestAsyncUtils.guard (package:flutter_test/src/test_async_utils.dart:74:41)
#1107   AutomatedTestWidgetsFlutterBinding.pump (package:flutter_test/src/binding.dart:2250:27)
#1108   WidgetTester.pumpWidget.<anonymous closure> (package:flutter_test/src/widget_tester.dart:598:22)
#1111   TestAsyncUtils.guard (package:flutter_test/src/test_async_utils.dart:74:41)
#1112   WidgetTester.pumpWidget (package:flutter_test/src/widget_tester.dart:595:27)
#1113   main.<anonymous closure> (file:///C:/Users/ADMIN/Desktop/CocEnglish/apps/mobile/test/english_journey_test.dart:66:24)
#1114   testWidgets.<anonymous closure>.<anonymous closure> (package:flutter_test/src/widget_tester.dart:192:29)
<asynchronous suspension>
#1115   TestWidgetsFlutterBinding._runTestBody (package:flutter_test/src/binding.dart:1953:5)
<asynchronous suspension>
<asynchronous suspension>
(elided 5 frames from dart:async and package:stack_trace)
════════════════════════════════════════════════════════════════════════════════════════════════════
══╡ EXCEPTION CAUGHT BY REFERENCE ILLUSTRATION ╞════════════════════════════════════════════════════
The following assertion was thrown:
Unable to load asset: "assets/reference_art/story-portrait.png".
The asset does not exist or has empty data.

When the exception was thrown, this was the stack:
#0      PlatformAssetBundle.load (package:flutter/src/services/asset_bundle.dart:340:7)
#1      PlatformAssetBundle.loadBuffer (package:flutter/src/services/asset_bundle.dart:367:36)
#2      AssetBundleImageProvider._loadAsync (package:flutter/src/painting/image_provider.dart:787:33)
#3      AssetBundleImageProvider.loadImage (package:flutter/src/painting/image_provider.dart:747:14)
#4      ImageProvider.resolveStreamForKey.<anonymous closure> (package:flutter/src/painting/image_provider.dart:550:39)
#5      ImageCache.putIfAbsent (package:flutter/src/painting/image_cache.dart:368:22)
#6      ImageProvider.resolveStreamForKey (package:flutter/src/painting/image_provider.dart:547:81)
#7      ImageProvider.resolve.<anonymous closure> (package:flutter/src/painting/image_provider.dart:383:9)
#8      ImageProvider._createErrorHandlerAndKey.<anonymous closure> (package:flutter/src/painting/image_provider.dart:503:28)
#9      SynchronousFuture.then (package:flutter/src/foundation/synchronous_future.dart:44:27)
#10     ImageProvider._createErrorHandlerAndKey (package:flutter/src/painting/image_provider.dart:500:10)
#11     ImageProvider.resolve (package:flutter/src/painting/image_provider.dart:380:5)
#12     _ReferenceArtState._resolve (package:cocenglish/core/design/reference_art.dart:163:10)
#13     _ReferenceArtState.didChangeDependencies (package:cocenglish/core/design/reference_art.dart:152:5)
#14     StatefulElement._firstBuild (package:flutter/src/widgets/framework.dart:5981:11)
#15     ComponentElement.mount (package:flutter/src/widgets/framework.dart:5806:5)
#16     Element.inflateWidget (package:flutter/src/widgets/framework.dart:4600:20)
#17     MultiChildRenderObjectElement.inflateWidget (package:flutter/src/widgets/framework.dart:7277:36)
#18     MultiChildRenderObjectElement.mount (package:flutter/src/widgets/framework.dart:7292:32)
#19     Element.inflateWidget (package:flutter/src/widgets/framework.dart:4600:20)
#20     MultiChildRenderObjectElement.inflateWidget (package:flutter/src/widgets/framework.dart:7277:36)
#21     MultiChildRenderObjectElement.mount (package:flutter/src/widgets/framework.dart:7292:32)
...     Normal element mounting (105 frames)
#126    Element.inflateWidget (package:flutter/src/widgets/framework.dart:4600:20)
#127    MultiChildRenderObjectElement.inflateWidget (package:flutter/src/widgets/framework.dart:7277:36)
#128    MultiChildRenderObjectElement.mount (package:flutter/src/widgets/framework.dart:7292:32)
...     Normal element mounting (40 frames)
#168    Element.inflateWidget (package:flutter/src/widgets/framework.dart:4600:20)
#169    MultiChildRenderObjectElement.inflateWidget (package:flutter/src/widgets/framework.dart:7277:36)
#170    MultiChildRenderObjectElement.mount (package:flutter/src/widgets/framework.dart:7292:32)
...     Normal element mounting (111 frames)
#281    ConsumerStatefulElement.mount (package:flutter_riverpod/src/core/consumer.dart:389:11)
...     Normal element mounting (260 frames)
#541    Element.inflateWidget (package:flutter/src/widgets/framework.dart:4600:20)
#542    MultiChildRenderObjectElement.inflateWidget (package:flutter/src/widgets/framework.dart:7277:36)
#543    MultiChildRenderObjectElement.mount (package:flutter/src/widgets/framework.dart:7292:32)
...     Normal element mounting (493 frames)
#1036   Element.inflateWidget (package:flutter/src/widgets/framework.dart:4600:20)
#1037   Element.updateChild (package:flutter/src/widgets/framework.dart:4066:20)
#1038   ComponentElement.performRebuild (package:flutter/src/widgets/framework.dart:5854:16)
#1039   Element.rebuild (package:flutter/src/widgets/framework.dart:5542:7)
#1040   ProxyElement.update (package:flutter/src/widgets/framework.dart:6162:5)
#1041   _InheritedNotifierElement.update (package:flutter/src/widgets/inherited_notifier.dart:108:11)
#1042   Element.updateChild (package:flutter/src/widgets/framework.dart:4050:15)
#1043   ComponentElement.performRebuild (package:flutter/src/widgets/framework.dart:5854:16)
#1044   StatefulElement.performRebuild (package:flutter/src/widgets/framework.dart:5995:11)
#1045   Element.rebuild (package:flutter/src/widgets/framework.dart:5542:7)
#1046   StatefulElement.update (package:flutter/src/widgets/framework.dart:6020:5)
#1047   Element.updateChild (package:flutter/src/widgets/framework.dart:4050:15)
#1048   ComponentElement.performRebuild (package:flutter/src/widgets/framework.dart:5854:16)
#1049   Element.rebuild (package:flutter/src/widgets/framework.dart:5542:7)
#1050   ProxyElement.update (package:flutter/src/widgets/framework.dart:6162:5)
#1051   _InheritedNotifierElement.update (package:flutter/src/widgets/inherited_notifier.dart:108:11)
#1052   Element.updateChild (package:flutter/src/widgets/framework.dart:4050:15)
#1053   ComponentElement.performRebuild (package:flutter/src/widgets/framework.dart:5854:16)
#1054   StatefulElement.performRebuild (package:flutter/src/widgets/framework.dart:5995:11)
#1055   Element.rebuild (package:flutter/src/widgets/framework.dart:5542:7)
#1056   StatefulElement.update (package:flutter/src/widgets/framework.dart:6020:5)
#1057   Element.updateChild (package:flutter/src/widgets/framework.dart:4050:15)
#1058   ComponentElement.performRebuild (package:flutter/src/widgets/framework.dart:5854:16)
#1059   StatefulElement.performRebuild (package:flutter/src/widgets/framework.dart:5995:11)
#1060   Element.rebuild (package:flutter/src/widgets/framework.dart:5542:7)
#1061   StatefulElement.update (package:flutter/src/widgets/framework.dart:6020:5)
#1062   Element.updateChild (package:flutter/src/widgets/framework.dart:4050:15)
#1063   ComponentElement.performRebuild (package:flutter/src/widgets/framework.dart:5854:16)
#1064   Element.rebuild (package:flutter/src/widgets/framework.dart:5542:7)
#1065   ProxyElement.update (package:flutter/src/widgets/framework.dart:6162:5)
#1066   Element.updateChild (package:flutter/src/widgets/framework.dart:4050:15)
#1067   ComponentElement.performRebuild (package:flutter/src/widgets/framework.dart:5854:16)
#1068   StatefulElement.performRebuild (package:flutter/src/widgets/framework.dart:5995:11)
#1069   Element.rebuild (package:flutter/src/widgets/framework.dart:5542:7)
#1070   StatefulElement.update (package:flutter/src/widgets/framework.dart:6020:5)
#1071   Element.updateChild (package:flutter/src/widgets/framework.dart:4050:15)
#1072   ComponentElement.performRebuild (package:flutter/src/widgets/framework.dart:5854:16)
#1073   Element.rebuild (package:flutter/src/widgets/framework.dart:5542:7)
#1074   ProxyElement.update (package:flutter/src/widgets/framework.dart:6162:5)
#1075   Element.updateChild (package:flutter/src/widgets/framework.dart:4050:15)
#1076   ComponentElement.performRebuild (package:flutter/src/widgets/framework.dart:5854:16)
#1077   Element.rebuild (package:flutter/src/widgets/framework.dart:5542:7)
#1078   ProxyElement.update (package:flutter/src/widgets/framework.dart:6162:5)
#1079   Element.updateChild (package:flutter/src/widgets/framework.dart:4050:15)
#1080   _RawViewElement._updateChild (package:flutter/src/widgets/view.dart:488:16)
#1081   _RawViewElement.update (package:flutter/src/widgets/view.dart:575:5)
#1082   Element.updateChild (package:flutter/src/widgets/framework.dart:4050:15)
#1083   ComponentElement.performRebuild (package:flutter/src/widgets/framework.dart:5854:16)
#1084   Element.rebuild (package:flutter/src/widgets/framework.dart:5542:7)
#1085   StatelessElement.update (package:flutter/src/widgets/framework.dart:5908:5)
#1086   Element.updateChild (package:flutter/src/widgets/framework.dart:4050:15)
#1087   ComponentElement.performRebuild (package:flutter/src/widgets/framework.dart:5854:16)
#1088   StatefulElement.performRebuild (package:flutter/src/widgets/framework.dart:5995:11)
#1089   Element.rebuild (package:flutter/src/widgets/framework.dart:5542:7)
#1090   StatefulElement.update (package:flutter/src/widgets/framework.dart:6020:5)
#1091   Element.updateChild (package:flutter/src/widgets/framework.dart:4050:15)
#1092   RootElement._rebuild (package:flutter/src/widgets/binding.dart:2091:16)
#1093   RootElement.update (package:flutter/src/widgets/binding.dart:2069:5)
#1094   RootElement.performRebuild (package:flutter/src/widgets/binding.dart:2083:7)
#1095   Element.rebuild (package:flutter/src/widgets/framework.dart:5542:7)
#1096   BuildScope._tryRebuild (package:flutter/src/widgets/framework.dart:2763:15)
#1097   BuildScope._flushDirtyElements (package:flutter/src/widgets/framework.dart:2820:11)
#1098   BuildOwner.buildScope (package:flutter/src/widgets/framework.dart:3124:18)
#1099   AutomatedTestWidgetsFlutterBinding.drawFrame (package:flutter_test/src/binding.dart:2432:19)
#1100   RendererBinding._handlePersistentFrameCallback (package:flutter/src/rendering/binding.dart:558:5)
#1101   SchedulerBinding._invokeFrameCallback (package:flutter/src/scheduler/binding.dart:1430:15)
#1102   SchedulerBinding.handleDrawFrame (package:flutter/src/scheduler/binding.dart:1345:9)
#1103   AutomatedTestWidgetsFlutterBinding.pump.<anonymous closure> (package:flutter_test/src/binding.dart:2261:9)
#1106   TestAsyncUtils.guard (package:flutter_test/src/test_async_utils.dart:74:41)
#1107   AutomatedTestWidgetsFlutterBinding.pump (package:flutter_test/src/binding.dart:2250:27)
#1108   WidgetTester.pumpWidget.<anonymous closure> (package:flutter_test/src/widget_tester.dart:598:22)
#1111   TestAsyncUtils.guard (package:flutter_test/src/test_async_utils.dart:74:41)
#1112   WidgetTester.pumpWidget (package:flutter_test/src/widget_tester.dart:595:27)
#1113   main.<anonymous closure> (file:///C:/Users/ADMIN/Desktop/CocEnglish/apps/mobile/test/english_journey_test.dart:66:24)
#1114   testWidgets.<anonymous closure>.<anonymous closure> (package:flutter_test/src/widget_tester.dart:192:29)
<asynchronous suspension>
#1115   TestWidgetsFlutterBinding._runTestBody (package:flutter_test/src/binding.dart:1953:5)
<asynchronous suspension>
<asynchronous suspension>
(elided 5 frames from dart:async and package:stack_trace)
════════════════════════════════════════════════════════════════════════════════════════════════════
══╡ EXCEPTION CAUGHT BY REFERENCE ILLUSTRATION ╞════════════════════════════════════════════════════
The following assertion was thrown:
Unable to load asset: "assets/reference_art/story-portrait.png".
The asset does not exist or has empty data.

When the exception was thrown, this was the stack:
#0      PlatformAssetBundle.load (package:flutter/src/services/asset_bundle.dart:340:7)
#1      PlatformAssetBundle.loadBuffer (package:flutter/src/services/asset_bundle.dart:367:36)
#2      AssetBundleImageProvider._loadAsync (package:flutter/src/painting/image_provider.dart:787:33)
#3      AssetBundleImageProvider.loadImage (package:flutter/src/painting/image_provider.dart:747:14)
#4      ImageProvider.resolveStreamForKey.<anonymous closure> (package:flutter/src/painting/image_provider.dart:550:39)
#5      ImageCache.putIfAbsent (package:flutter/src/painting/image_cache.dart:368:22)
#6      ImageProvider.resolveStreamForKey (package:flutter/src/painting/image_provider.dart:547:81)
#7      ImageProvider.resolve.<anonymous closure> (package:flutter/src/painting/image_provider.dart:383:9)
#8      ImageProvider._createErrorHandlerAndKey.<anonymous closure> (package:flutter/src/painting/image_provider.dart:503:28)
#9      SynchronousFuture.then (package:flutter/src/foundation/synchronous_future.dart:44:27)
#10     ImageProvider._createErrorHandlerAndKey (package:flutter/src/painting/image_provider.dart:500:10)
#11     ImageProvider.resolve (package:flutter/src/painting/image_provider.dart:380:5)
#12     _ReferenceArtState._resolve (package:cocenglish/core/design/reference_art.dart:163:10)
#13     _ReferenceArtState.didChangeDependencies (package:cocenglish/core/design/reference_art.dart:152:5)
#14     StatefulElement._firstBuild (package:flutter/src/widgets/framework.dart:5981:11)
#15     ComponentElement.mount (package:flutter/src/widgets/framework.dart:5806:5)
#16     Element.inflateWidget (package:flutter/src/widgets/framework.dart:4600:20)
#17     MultiChildRenderObjectElement.inflateWidget (package:flutter/src/widgets/framework.dart:7277:36)
#18     MultiChildRenderObjectElement.mount (package:flutter/src/widgets/framework.dart:7292:32)
#19     Element.inflateWidget (package:flutter/src/widgets/framework.dart:4600:20)
#20     MultiChildRenderObjectElement.inflateWidget (package:flutter/src/widgets/framework.dart:7277:36)
#21     MultiChildRenderObjectElement.mount (package:flutter/src/widgets/framework.dart:7292:32)
...     Normal element mounting (105 frames)
#126    Element.inflateWidget (package:flutter/src/widgets/framework.dart:4600:20)
#127    MultiChildRenderObjectElement.inflateWidget (package:flutter/src/widgets/framework.dart:7277:36)
#128    MultiChildRenderObjectElement.mount (package:flutter/src/widgets/framework.dart:7292:32)
...     Normal element mounting (40 frames)
#168    Element.inflateWidget (package:flutter/src/widgets/framework.dart:4600:20)
#169    MultiChildRenderObjectElement.inflateWidget (package:flutter/src/widgets/framework.dart:7277:36)
#170    MultiChildRenderObjectElement.mount (package:flutter/src/widgets/framework.dart:7292:32)
...     Normal element mounting (111 frames)
#281    ConsumerStatefulElement.mount (package:flutter_riverpod/src/core/consumer.dart:389:11)
...     Normal element mounting (260 frames)
#541    Element.inflateWidget (package:flutter/src/widgets/framework.dart:4600:20)
#542    MultiChildRenderObjectElement.inflateWidget (package:flutter/src/widgets/framework.dart:7277:36)
#543    MultiChildRenderObjectElement.mount (package:flutter/src/widgets/framework.dart:7292:32)
...     Normal element mounting (493 frames)
#1036   Element.inflateWidget (package:flutter/src/widgets/framework.dart:4600:20)
#1037   Element.updateChild (package:flutter/src/widgets/framework.dart:4066:20)
#1038   ComponentElement.performRebuild (package:flutter/src/widgets/framework.dart:5854:16)
#1039   Element.rebuild (package:flutter/src/widgets/framework.dart:5542:7)
#1040   ProxyElement.update (package:flutter/src/widgets/framework.dart:6162:5)
#1041   _InheritedNotifierElement.update (package:flutter/src/widgets/inherited_notifier.dart:108:11)
#1042   Element.updateChild (package:flutter/src/widgets/framework.dart:4050:15)
#1043   ComponentElement.performRebuild (package:flutter/src/widgets/framework.dart:5854:16)
#1044   StatefulElement.performRebuild (package:flutter/src/widgets/framework.dart:5995:11)
#1045   Element.rebuild (package:flutter/src/widgets/framework.dart:5542:7)
#1046   StatefulElement.update (package:flutter/src/widgets/framework.dart:6020:5)
#1047   Element.updateChild (package:flutter/src/widgets/framework.dart:4050:15)
#1048   ComponentElement.performRebuild (package:flutter/src/widgets/framework.dart:5854:16)
#1049   Element.rebuild (package:flutter/src/widgets/framework.dart:5542:7)
#1050   ProxyElement.update (package:flutter/src/widgets/framework.dart:6162:5)
#1051   _InheritedNotifierElement.update (package:flutter/src/widgets/inherited_notifier.dart:108:11)
#1052   Element.updateChild (package:flutter/src/widgets/framework.dart:4050:15)
#1053   ComponentElement.performRebuild (package:flutter/src/widgets/framework.dart:5854:16)
#1054   StatefulElement.performRebuild (package:flutter/src/widgets/framework.dart:5995:11)
#1055   Element.rebuild (package:flutter/src/widgets/framework.dart:5542:7)
#1056   StatefulElement.update (package:flutter/src/widgets/framework.dart:6020:5)
#1057   Element.updateChild (package:flutter/src/widgets/framework.dart:4050:15)
#1058   ComponentElement.performRebuild (package:flutter/src/widgets/framework.dart:5854:16)
#1059   StatefulElement.performRebuild (package:flutter/src/widgets/framework.dart:5995:11)
#1060   Element.rebuild (package:flutter/src/widgets/framework.dart:5542:7)
#1061   StatefulElement.update (package:flutter/src/widgets/framework.dart:6020:5)
#1062   Element.updateChild (package:flutter/src/widgets/framework.dart:4050:15)
#1063   ComponentElement.performRebuild (package:flutter/src/widgets/framework.dart:5854:16)
#1064   Element.rebuild (package:flutter/src/widgets/framework.dart:5542:7)
#1065   ProxyElement.update (package:flutter/src/widgets/framework.dart:6162:5)
#1066   Element.updateChild (package:flutter/src/widgets/framework.dart:4050:15)
#1067   ComponentElement.performRebuild (package:flutter/src/widgets/framework.dart:5854:16)
#1068   StatefulElement.performRebuild (package:flutter/src/widgets/framework.dart:5995:11)
#1069   Element.rebuild (package:flutter/src/widgets/framework.dart:5542:7)
#1070   StatefulElement.update (package:flutter/src/widgets/framework.dart:6020:5)
#1071   Element.updateChild (package:flutter/src/widgets/framework.dart:4050:15)
#1072   ComponentElement.performRebuild (package:flutter/src/widgets/framework.dart:5854:16)
#1073   Element.rebuild (package:flutter/src/widgets/framework.dart:5542:7)
#1074   ProxyElement.update (package:flutter/src/widgets/framework.dart:6162:5)
#1075   Element.updateChild (package:flutter/src/widgets/framework.dart:4050:15)
#1076   ComponentElement.performRebuild (package:flutter/src/widgets/framework.dart:5854:16)
#1077   Element.rebuild (package:flutter/src/widgets/framework.dart:5542:7)
#1078   ProxyElement.update (package:flutter/src/widgets/framework.dart:6162:5)
#1079   Element.updateChild (package:flutter/src/widgets/framework.dart:4050:15)
#1080   _RawViewElement._updateChild (package:flutter/src/widgets/view.dart:488:16)
#1081   _RawViewElement.update (package:flutter/src/widgets/view.dart:575:5)
#1082   Element.updateChild (package:flutter/src/widgets/framework.dart:4050:15)
#1083   ComponentElement.performRebuild (package:flutter/src/widgets/framework.dart:5854:16)
#1084   Element.rebuild (package:flutter/src/widgets/framework.dart:5542:7)
#1085   StatelessElement.update (package:flutter/src/widgets/framework.dart:5908:5)
#1086   Element.updateChild (package:flutter/src/widgets/framework.dart:4050:15)
#1087   ComponentElement.performRebuild (package:flutter/src/widgets/framework.dart:5854:16)
#1088   StatefulElement.performRebuild (package:flutter/src/widgets/framework.dart:5995:11)
#1089   Element.rebuild (package:flutter/src/widgets/framework.dart:5542:7)
#1090   StatefulElement.update (package:flutter/src/widgets/framework.dart:6020:5)
#1091   Element.updateChild (package:flutter/src/widgets/framework.dart:4050:15)
#1092   RootElement._rebuild (package:flutter/src/widgets/binding.dart:2091:16)
#1093   RootElement.update (package:flutter/src/widgets/binding.dart:2069:5)
#1094   RootElement.performRebuild (package:flutter/src/widgets/binding.dart:2083:7)
#1095   Element.rebuild (package:flutter/src/widgets/framework.dart:5542:7)
#1096   BuildScope._tryRebuild (package:flutter/src/widgets/framework.dart:2763:15)
#1097   BuildScope._flushDirtyElements (package:flutter/src/widgets/framework.dart:2820:11)
#1098   BuildOwner.buildScope (package:flutter/src/widgets/framework.dart:3124:18)
#1099   AutomatedTestWidgetsFlutterBinding.drawFrame (package:flutter_test/src/binding.dart:2432:19)
#1100   RendererBinding._handlePersistentFrameCallback (package:flutter/src/rendering/binding.dart:558:5)
#1101   SchedulerBinding._invokeFrameCallback (package:flutter/src/scheduler/binding.dart:1430:15)
#1102   SchedulerBinding.handleDrawFrame (package:flutter/src/scheduler/binding.dart:1345:9)
#1103   AutomatedTestWidgetsFlutterBinding.pump.<anonymous closure> (package:flutter_test/src/binding.dart:2261:9)
#1106   TestAsyncUtils.guard (package:flutter_test/src/test_async_utils.dart:74:41)
#1107   AutomatedTestWidgetsFlutterBinding.pump (package:flutter_test/src/binding.dart:2250:27)
#1108   WidgetTester.pumpWidget.<anonymous closure> (package:flutter_test/src/widget_tester.dart:598:22)
#1111   TestAsyncUtils.guard (package:flutter_test/src/test_async_utils.dart:74:41)
#1112   WidgetTester.pumpWidget (package:flutter_test/src/widget_tester.dart:595:27)
#1113   main.<anonymous closure> (file:///C:/Users/ADMIN/Desktop/CocEnglish/apps/mobile/test/english_journey_test.dart:66:24)
#1114   testWidgets.<anonymous closure>.<anonymous closure> (package:flutter_test/src/widget_tester.dart:192:29)
<asynchronous suspension>
#1115   TestWidgetsFlutterBinding._runTestBody (package:flutter_test/src/binding.dart:1953:5)
<asynchronous suspension>
<asynchronous suspension>
(elided 5 frames from dart:async and package:stack_trace)
════════════════════════════════════════════════════════════════════════════════════════════════════
══╡ EXCEPTION CAUGHT BY FLUTTER TEST FRAMEWORK ╞════════════════════════════════════════════════════
The following TestFailure was thrown running a test:
Expected: null
  Actual: 'Multiple exceptions (4) were detected during the running of the current test, and at
least one was unexpected.'
story

When the exception was thrown, this was the stack:
#4      main.<anonymous closure> (file:///C:/Users/ADMIN/Desktop/CocEnglish/apps/mobile/test/english_journey_test.dart:83:11)
<asynchronous suspension>
#5      testWidgets.<anonymous closure>.<anonymous closure> (package:flutter_test/src/widget_tester.dart:192:15)
<asynchronous suspension>
#6      TestWidgetsFlutterBinding._runTestBody (package:flutter_test/src/binding.dart:1953:5)
<asynchronous suspension>
<asynchronous suspension>
(elided one frame from package:stack_trace)

This was caught by the test expectation on the following line:
  file:///C:/Users/ADMIN/Desktop/CocEnglish/apps/mobile/test/english_journey_test.dart line 83
The test description was:
  English journey states fit width430.0 text2.0
════════════════════════════════════════════════════════════════════════════════════════════════════
00:02 +0 -5: English journey states fit width430.0 text2.0 [E]
  Test failed. See exception logs above.
  The test description was: English journey states fit width430.0 text2.0
  
00:02 +0 -5: story preserves a wrong selection through feedback and finishes once
00:02 +1 -5: radio cannot check half a pair, and transcript picks are editable
00:02 +2 -5: roleplay preserves draft on validation, resumes, and resets deliberately
00:02 +3 -5: Some tests failed.

Failing tests:
  C:/Users/ADMIN/Desktop/CocEnglish/apps/mobile/test/english_journey_test.dart: English journey states fit width360.0 text1.0
  C:/Users/ADMIN/Desktop/CocEnglish/apps/mobile/test/english_journey_test.dart: English journey states fit width360.0 text2.0
  C:/Users/ADMIN/Desktop/CocEnglish/apps/mobile/test/english_journey_test.dart: English journey states fit width430.0 text1.0
  C:/Users/ADMIN/Desktop/CocEnglish/apps/mobile/test/english_journey_test.dart: English journey states fit width430.0 text2.0
  C:/Users/ADMIN/Desktop/CocEnglish/apps/mobile/test/english_journey_test.dart: practice opens Roleplay, submits native input, and reviews the actual replies
