00:00 +0: loading C:/Users/ADMIN/Desktop/CocEnglish/apps/mobile/test/status_feed_ui_test.dart
00:00 +0: actual league status sheet cancels draft, commits and clears
══╡ EXCEPTION CAUGHT BY FLUTTER TEST FRAMEWORK ╞════════════════════════════════════════════════════
The following assertion was thrown running a test:
pumpAndSettle timed out

When the exception was thrown, this was the stack:
#0      WidgetTester.pumpAndSettle.<anonymous closure> (package:flutter_test/src/widget_tester.dart:717:11)
<asynchronous suspension>
#1      TestAsyncUtils.guard.<anonymous closure> (package:flutter_test/src/test_async_utils.dart:130:27)
<asynchronous suspension>
#2      app (file:///C:/Users/ADMIN/Desktop/CocEnglish/apps/mobile/test/status_feed_ui_test.dart:15:3)
<asynchronous suspension>
#3      main.<anonymous closure> (file:///C:/Users/ADMIN/Desktop/CocEnglish/apps/mobile/test/status_feed_ui_test.dart:25:15)
<asynchronous suspension>
#4      testWidgets.<anonymous closure>.<anonymous closure> (package:flutter_test/src/widget_tester.dart:192:15)
<asynchronous suspension>
#5      TestWidgetsFlutterBinding._runTestBody (package:flutter_test/src/binding.dart:1953:5)
<asynchronous suspension>
<asynchronous suspension>
(elided one frame from package:stack_trace)

The test description was:
  actual league status sheet cancels draft, commits and clears
════════════════════════════════════════════════════════════════════════════════════════════════════
00:08 +0 -1: actual league status sheet cancels draft, commits and clears [E]
  Test failed. See exception logs above.
  The test description was: actual league status sheet cancels draft, commits and clears
  
00:08 +0 -1: actual status insufficient purchase preserves draft and funded buy spends once
══╡ EXCEPTION CAUGHT BY FLUTTER TEST FRAMEWORK ╞════════════════════════════════════════════════════
The following assertion was thrown running a test:
The finder "Found 0 widgets with widget matching predicate: []" (used in a call to "tap()") could
not find any matching widgets.

When the exception was thrown, this was the stack:
#0      WidgetController._getElementPoint (package:flutter_test/src/controller.dart:2095:7)
#1      WidgetController.getCenter (package:flutter_test/src/controller.dart:1947:12)
#2      WidgetController.tap (package:flutter_test/src/controller.dart:1080:7)
#3      main.<anonymous closure> (file:///C:/Users/ADMIN/Desktop/CocEnglish/apps/mobile/test/status_feed_ui_test.dart:54:18)
<asynchronous suspension>
#4      testWidgets.<anonymous closure>.<anonymous closure> (package:flutter_test/src/widget_tester.dart:192:15)
<asynchronous suspension>
#5      TestWidgetsFlutterBinding._runTestBody (package:flutter_test/src/binding.dart:1953:5)
<asynchronous suspension>
<asynchronous suspension>
(elided one frame from package:stack_trace)

The test description was:
  actual status insufficient purchase preserves draft and funded buy spends once
════════════════════════════════════════════════════════════════════════════════════════════════════
00:09 +0 -2: actual status insufficient purchase preserves draft and funded buy spends once [E]
  Test failed. See exception logs above.
  The test description was: actual status insufficient purchase preserves draft and funded buy spends once
  
00:09 +0 -2: actual feed adds friends, profile identity and comment validation work
══╡ EXCEPTION CAUGHT BY FLUTTER TEST FRAMEWORK ╞════════════════════════════════════════════════════
The following assertion was thrown running a test:
The finder "Found 0 widgets with text "ADD 2 FRIENDS": []" (used in a call to "tap()") could not
find any matching widgets.

When the exception was thrown, this was the stack:
#0      WidgetController._getElementPoint (package:flutter_test/src/controller.dart:2095:7)
#1      WidgetController.getCenter (package:flutter_test/src/controller.dart:1947:12)
#2      WidgetController.tap (package:flutter_test/src/controller.dart:1080:7)
#3      main.<anonymous closure> (file:///C:/Users/ADMIN/Desktop/CocEnglish/apps/mobile/test/status_feed_ui_test.dart:78:18)
<asynchronous suspension>
#4      testWidgets.<anonymous closure>.<anonymous closure> (package:flutter_test/src/widget_tester.dart:192:15)
<asynchronous suspension>
#5      TestWidgetsFlutterBinding._runTestBody (package:flutter_test/src/binding.dart:1953:5)
<asynchronous suspension>
<asynchronous suspension>
(elided one frame from package:stack_trace)

The test description was:
  actual feed adds friends, profile identity and comment validation work
════════════════════════════════════════════════════════════════════════════════════════════════════
00:09 +0 -3: actual feed adds friends, profile identity and comment validation work [E]
  Test failed. See exception logs above.
  The test description was: actual feed adds friends, profile identity and comment validation work
  
00:09 +0 -3: feed and actual status modal width360.0 text1.0
══╡ EXCEPTION CAUGHT BY REFERENCE ILLUSTRATION ╞════════════════════════════════════════════════════
The following assertion was thrown:
Unable to load asset: "assets/reference_art/feed-suggestions.png".
The asset does not exist or has empty data.

When the exception was thrown, this was the stack:
#0      PlatformAssetBundle.load (package:flutter/src/services/asset_bundle.dart:340:7)
#1      PlatformAssetBundle.loadBuffer (package:flutter/src/services/asset_bundle.dart:367:36)
#2      AssetBundleImageProvider._loadAsync (package:flutter/src/painting/image_provider.dart:787:33)
#3      AssetBundleImageProvider.loadImage (package:flutter/src/painting/image_provider.dart:747:14)
#4      ImageProvider.resolveStreamForKey.<anonymous closure> (package:flutter/src/painting/image_provider.dart:550:39)
#5      ImageCache.putIfAbsent (package:flutter/src/painting/image_cache.dart:368:22)
#6      ImageProvider.resolveStreamForKey (package:flutter/src/painting/image_provider.dart:547:81)
#7      ImageProvider.resolve.<anonymous closure> (package:flutter/src/painting/image_provider.dart:383:9)
#8      ImageProvider._createErrorHandlerAndKey.<anonymous closure> (package:flutter/src/painting/image_provider.dart:503:28)
#9      SynchronousFuture.then (package:flutter/src/foundation/synchronous_future.dart:44:27)
#10     ImageProvider._createErrorHandlerAndKey (package:flutter/src/painting/image_provider.dart:500:10)
#11     ImageProvider.resolve (package:flutter/src/painting/image_provider.dart:380:5)
#12     _ReferenceArtState._resolve (package:cocenglish/core/design/reference_art.dart:163:10)
#13     _ReferenceArtState.didChangeDependencies (package:cocenglish/core/design/reference_art.dart:152:5)
#14     StatefulElement._firstBuild (package:flutter/src/widgets/framework.dart:5981:11)
#15     ComponentElement.mount (package:flutter/src/widgets/framework.dart:5806:5)
...     Normal element mounting (41 frames)
#56     Element.inflateWidget (package:flutter/src/widgets/framework.dart:4600:20)
#57     Element.updateChild (package:flutter/src/widgets/framework.dart:4072:18)
#58     SliverMultiBoxAdaptorElement.updateChild (package:flutter/src/widgets/sliver.dart:1092:37)
#59     SliverMultiBoxAdaptorElement.createChild.<anonymous closure> (package:flutter/src/widgets/sliver.dart:1077:20)
#60     BuildOwner.buildScope (package:flutter/src/widgets/framework.dart:3114:19)
#61     SliverMultiBoxAdaptorElement.createChild (package:flutter/src/widgets/sliver.dart:1067:12)
#62     RenderSliverMultiBoxAdaptor._createOrObtainChild.<anonymous closure> (package:flutter/src/rendering/sliver_multi_box_adaptor.dart:368:23)
#63     RenderObject.invokeLayoutCallback.<anonymous closure> (package:flutter/src/rendering/object.dart:3042:17)
#64     PipelineOwner._enableMutationsToDirtySubtrees (package:flutter/src/rendering/object.dart:1223:15)
#65     RenderObject.invokeLayoutCallback (package:flutter/src/rendering/object.dart:3041:14)
#66     RenderSliverMultiBoxAdaptor._createOrObtainChild (package:flutter/src/rendering/sliver_multi_box_adaptor.dart:357:5)
#67     RenderSliverMultiBoxAdaptor.addInitialChild (package:flutter/src/rendering/sliver_multi_box_adaptor.dart:455:5)
#68     RenderSliverList.performLayout (package:flutter/src/rendering/sliver_list.dart:79:12)
#69     RenderObject.layout (package:flutter/src/rendering/object.dart:2923:7)
#70     RenderSliverEdgeInsetsPadding.performLayout (package:flutter/src/rendering/sliver_padding.dart:133:12)
#71     RenderSliverPadding.performLayout (package:flutter/src/rendering/sliver_padding.dart:368:11)
#72     RenderObject.layout (package:flutter/src/rendering/object.dart:2923:7)
#73     RenderViewportBase.layoutChildSequence (package:flutter/src/rendering/viewport.dart:821:13)
#74     RenderViewport._attemptLayout (package:flutter/src/rendering/viewport.dart:1831:12)
#75     RenderViewport.performLayout (package:flutter/src/rendering/viewport.dart:1724:20)
#76     RenderObject.layout (package:flutter/src/rendering/object.dart:2923:7)
#77     RenderProxyBoxMixin.performLayout (package:flutter/src/rendering/proxy_box.dart:118:18)
#78     RenderObject.layout (package:flutter/src/rendering/object.dart:2923:7)
#79     RenderProxyBoxMixin.performLayout (package:flutter/src/rendering/proxy_box.dart:118:18)
#80     RenderObject.layout (package:flutter/src/rendering/object.dart:2923:7)
#81     RenderProxyBoxMixin.performLayout (package:flutter/src/rendering/proxy_box.dart:118:18)
#82     RenderObject.layout (package:flutter/src/rendering/object.dart:2923:7)
#83     RenderProxyBoxMixin.performLayout (package:flutter/src/rendering/proxy_box.dart:118:18)
#84     RenderObject.layout (package:flutter/src/rendering/object.dart:2923:7)
#85     RenderProxyBoxMixin.performLayout (package:flutter/src/rendering/proxy_box.dart:118:18)
#86     RenderObject.layout (package:flutter/src/rendering/object.dart:2923:7)
#87     RenderProxyBoxMixin.performLayout (package:flutter/src/rendering/proxy_box.dart:118:18)
#88     RenderObject.layout (package:flutter/src/rendering/object.dart:2923:7)
#89     RenderProxyBoxMixin.performLayout (package:flutter/src/rendering/proxy_box.dart:118:18)
#90     RenderObject.layout (package:flutter/src/rendering/object.dart:2923:7)
#91     RenderProxyBoxMixin.performLayout (package:flutter/src/rendering/proxy_box.dart:118:18)
#92     _RenderCustomClip.performLayout (package:flutter/src/rendering/proxy_box.dart:1549:11)
#93     RenderObject.layout (package:flutter/src/rendering/object.dart:2923:7)
#94     ChildLayoutHelper.layoutChild (package:flutter/src/rendering/layout_helper.dart:62:11)
#95     RenderFlex._computeSizes (package:flutter/src/rendering/flex.dart:1275:26)
#96     RenderFlex.performLayout (package:flutter/src/rendering/flex.dart:1329:32)
#97     RenderObject.layout (package:flutter/src/rendering/object.dart:2923:7)
#98     ChildLayoutHelper.layoutChild (package:flutter/src/rendering/layout_helper.dart:62:11)
#99     RenderFlex._computeSizes (package:flutter/src/rendering/flex.dart:1275:26)
#100    RenderFlex.performLayout (package:flutter/src/rendering/flex.dart:1329:32)
#101    RenderObject.layout (package:flutter/src/rendering/object.dart:2923:7)
#102    RenderPadding.performLayout (package:flutter/src/rendering/shifted_box.dart:262:12)
#103    RenderObject.layout (package:flutter/src/rendering/object.dart:2923:7)
#104    MultiChildLayoutDelegate.layoutChild (package:flutter/src/rendering/custom_layout.dart:180:12)
#105    _ScaffoldLayout.performLayout (package:flutter/src/material/scaffold.dart:1113:7)
#106    MultiChildLayoutDelegate._callPerformLayout (package:flutter/src/rendering/custom_layout.dart:246:7)
#107    RenderCustomMultiChildLayoutBox.performLayout (package:flutter/src/rendering/custom_layout.dart:417:14)
#108    RenderObject.layout (package:flutter/src/rendering/object.dart:2923:7)
#109    RenderProxyBoxMixin.performLayout (package:flutter/src/rendering/proxy_box.dart:118:18)
#110    RenderObject.layout (package:flutter/src/rendering/object.dart:2923:7)
#111    RenderProxyBoxMixin.performLayout (package:flutter/src/rendering/proxy_box.dart:118:18)
#112    _RenderCustomClip.performLayout (package:flutter/src/rendering/proxy_box.dart:1549:11)
#113    RenderObject.layout (package:flutter/src/rendering/object.dart:2923:7)
#114    MultiChildLayoutDelegate.layoutChild (package:flutter/src/rendering/custom_layout.dart:180:12)
#115    _ScaffoldLayout.performLayout (package:flutter/src/material/scaffold.dart:1113:7)
#116    MultiChildLayoutDelegate._callPerformLayout (package:flutter/src/rendering/custom_layout.dart:246:7)
#117    RenderCustomMultiChildLayoutBox.performLayout (package:flutter/src/rendering/custom_layout.dart:417:14)
#118    RenderObject.layout (package:flutter/src/rendering/object.dart:2923:7)
#119    RenderProxyBoxMixin.performLayout (package:flutter/src/rendering/proxy_box.dart:118:18)
#120    RenderObject.layout (package:flutter/src/rendering/object.dart:2923:7)
#121    RenderProxyBoxMixin.performLayout (package:flutter/src/rendering/proxy_box.dart:118:18)
#122    _RenderCustomClip.performLayout (package:flutter/src/rendering/proxy_box.dart:1549:11)
#123    RenderObject.layout (package:flutter/src/rendering/object.dart:2923:7)
#124    RenderProxyBoxMixin.performLayout (package:flutter/src/rendering/proxy_box.dart:118:18)
#125    RenderObject.layout (package:flutter/src/rendering/object.dart:2923:7)
#126    RenderProxyBoxMixin.performLayout (package:flutter/src/rendering/proxy_box.dart:118:18)
#127    RenderObject.layout (package:flutter/src/rendering/object.dart:2923:7)
#128    RenderProxyBoxMixin.performLayout (package:flutter/src/rendering/proxy_box.dart:118:18)
#129    RenderObject.layout (package:flutter/src/rendering/object.dart:2923:7)
#130    RenderProxyBoxMixin.performLayout (package:flutter/src/rendering/proxy_box.dart:118:18)
#131    RenderObject.layout (package:flutter/src/rendering/object.dart:2923:7)
#132    RenderProxyBoxMixin.performLayout (package:flutter/src/rendering/proxy_box.dart:118:18)
#133    RenderObject.layout (package:flutter/src/rendering/object.dart:2923:7)
#134    RenderProxyBoxMixin.performLayout (package:flutter/src/rendering/proxy_box.dart:118:18)
#135    RenderObject.layout (package:flutter/src/rendering/object.dart:2923:7)
#136    RenderProxyBoxMixin.performLayout (package:flutter/src/rendering/proxy_box.dart:118:18)
#137    RenderObject.layout (package:flutter/src/rendering/object.dart:2923:7)
#138    RenderProxyBoxMixin.performLayout (package:flutter/src/rendering/proxy_box.dart:118:18)
#139    RenderObject.layout (package:flutter/src/rendering/object.dart:2923:7)
#140    RenderProxyBoxMixin.performLayout (package:flutter/src/rendering/proxy_box.dart:118:18)
#141    RenderObject.layout (package:flutter/src/rendering/object.dart:2923:7)
#142    RenderProxyBoxMixin.performLayout (package:flutter/src/rendering/proxy_box.dart:118:18)
#143    RenderObject.layout (package:flutter/src/rendering/object.dart:2923:7)
#144    RenderProxyBoxMixin.performLayout (package:flutter/src/rendering/proxy_box.dart:118:18)
#145    RenderObject.layout (package:flutter/src/rendering/object.dart:2923:7)
#146    RenderProxyBoxMixin.performLayout (package:flutter/src/rendering/proxy_box.dart:118:18)
#147    RenderObject.layout (package:flutter/src/rendering/object.dart:2923:7)
#148    RenderProxyBoxMixin.performLayout (package:flutter/src/rendering/proxy_box.dart:118:18)
#149    RenderObject.layout (package:flutter/src/rendering/object.dart:2923:7)
#150    RenderProxyBoxMixin.performLayout (package:flutter/src/rendering/proxy_box.dart:118:18)
#151    RenderObject.layout (package:flutter/src/rendering/object.dart:2923:7)
#152    RenderProxyBoxMixin.performLayout (package:flutter/src/rendering/proxy_box.dart:118:18)
#153    RenderObject.layout (package:flutter/src/rendering/object.dart:2923:7)
#154    RenderProxyBoxMixin.performLayout (package:flutter/src/rendering/proxy_box.dart:118:18)
#155    RenderOffstage.performLayout (package:flutter/src/rendering/proxy_box.dart:3923:13)
#156    RenderObject.layout (package:flutter/src/rendering/object.dart:2923:7)
#157    RenderProxyBoxMixin.performLayout (package:flutter/src/rendering/proxy_box.dart:118:18)
#158    RenderObject.layout (package:flutter/src/rendering/object.dart:2923:7)
#159    _RenderTheaterMixin.layoutChild (package:flutter/src/widgets/overlay.dart:1124:13)
#160    _RenderTheater.performLayout (package:flutter/src/widgets/overlay.dart:1482:9)
#161    RenderObject.layout (package:flutter/src/rendering/object.dart:2923:7)
#162    RenderProxyBoxMixin.performLayout (package:flutter/src/rendering/proxy_box.dart:118:18)
#163    RenderObject.layout (package:flutter/src/rendering/object.dart:2923:7)
#164    RenderProxyBoxMixin.performLayout (package:flutter/src/rendering/proxy_box.dart:118:18)
#165    RenderObject.layout (package:flutter/src/rendering/object.dart:2923:7)
#166    RenderProxyBoxMixin.performLayout (package:flutter/src/rendering/proxy_box.dart:118:18)
#167    RenderObject.layout (package:flutter/src/rendering/object.dart:2923:7)
#168    RenderProxyBoxMixin.performLayout (package:flutter/src/rendering/proxy_box.dart:118:18)
#169    RenderCustomPaint.performLayout (package:flutter/src/rendering/custom_paint.dart:574:11)
#170    RenderObject.layout (package:flutter/src/rendering/object.dart:2923:7)
#171    RenderProxyBoxMixin.performLayout (package:flutter/src/rendering/proxy_box.dart:118:18)
#172    RenderObject.layout (package:flutter/src/rendering/object.dart:2923:7)
#173    RenderProxyBoxMixin.performLayout (package:flutter/src/rendering/proxy_box.dart:118:18)
#174    RenderObject.layout (package:flutter/src/rendering/object.dart:2923:7)
#175    RenderProxyBoxMixin.performLayout (package:flutter/src/rendering/proxy_box.dart:118:18)
#176    RenderObject.layout (package:flutter/src/rendering/object.dart:2923:7)
#177    RenderProxyBoxMixin.performLayout (package:flutter/src/rendering/proxy_box.dart:118:18)
#178    RenderObject.layout (package:flutter/src/rendering/object.dart:2923:7)
#179    RenderProxyBoxMixin.performLayout (package:flutter/src/rendering/proxy_box.dart:118:18)
#180    RenderObject.layout (package:flutter/src/rendering/object.dart:2923:7)
#181    RenderProxyBoxMixin.performLayout (package:flutter/src/rendering/proxy_box.dart:118:18)
#182    RenderObject.layout (package:flutter/src/rendering/object.dart:2923:7)
#183    RenderView.performLayout (package:flutter/src/rendering/view.dart:292:12)
#184    RenderObject._layoutWithoutResize (package:flutter/src/rendering/object.dart:2771:7)
#185    PipelineOwner.flushLayout (package:flutter/src/rendering/object.dart:1174:18)
#186    PipelineOwner.flushLayout (package:flutter/src/rendering/object.dart:1187:15)
#187    AutomatedTestWidgetsFlutterBinding.drawFrame (package:flutter_test/src/binding.dart:2434:27)
#188    RendererBinding._handlePersistentFrameCallback (package:flutter/src/rendering/binding.dart:558:5)
#189    SchedulerBinding._invokeFrameCallback (package:flutter/src/scheduler/binding.dart:1430:15)
#190    SchedulerBinding.handleDrawFrame (package:flutter/src/scheduler/binding.dart:1345:9)
#191    AutomatedTestWidgetsFlutterBinding.pump.<anonymous closure> (package:flutter_test/src/binding.dart:2261:9)
#194    TestAsyncUtils.guard (package:flutter_test/src/test_async_utils.dart:74:41)
#195    AutomatedTestWidgetsFlutterBinding.pump (package:flutter_test/src/binding.dart:2250:27)
#196    WidgetTester.pumpWidget.<anonymous closure> (package:flutter_test/src/widget_tester.dart:598:22)
#199    TestAsyncUtils.guard (package:flutter_test/src/test_async_utils.dart:74:41)
#200    WidgetTester.pumpWidget (package:flutter_test/src/widget_tester.dart:595:27)
#201    main.<anonymous closure> (file:///C:/Users/ADMIN/Desktop/CocEnglish/apps/mobile/test/status_feed_ui_test.dart:113:22)
#202    testWidgets.<anonymous closure>.<anonymous closure> (package:flutter_test/src/widget_tester.dart:192:29)
<asynchronous suspension>
#203    TestWidgetsFlutterBinding._runTestBody (package:flutter_test/src/binding.dart:1953:5)
<asynchronous suspension>
<asynchronous suspension>
(elided 5 frames from dart:async and package:stack_trace)
════════════════════════════════════════════════════════════════════════════════════════════════════
══╡ EXCEPTION CAUGHT BY REFERENCE ILLUSTRATION ╞════════════════════════════════════════════════════
The following assertion was thrown:
Unable to load asset: "assets/reference_art/feed-learning.png".
The asset does not exist or has empty data.

When the exception was thrown, this was the stack:
#0      PlatformAssetBundle.load (package:flutter/src/services/asset_bundle.dart:340:7)
#1      PlatformAssetBundle.loadBuffer (package:flutter/src/services/asset_bundle.dart:367:36)
#2      AssetBundleImageProvider._loadAsync (package:flutter/src/painting/image_provider.dart:787:33)
#3      AssetBundleImageProvider.loadImage (package:flutter/src/painting/image_provider.dart:747:14)
#4      ImageProvider.resolveStreamForKey.<anonymous closure> (package:flutter/src/painting/image_provider.dart:550:39)
#5      ImageCache.putIfAbsent (package:flutter/src/painting/image_cache.dart:368:22)
#6      ImageProvider.resolveStreamForKey (package:flutter/src/painting/image_provider.dart:547:81)
#7      ImageProvider.resolve.<anonymous closure> (package:flutter/src/painting/image_provider.dart:383:9)
#8      ImageProvider._createErrorHandlerAndKey.<anonymous closure> (package:flutter/src/painting/image_provider.dart:503:28)
#9      SynchronousFuture.then (package:flutter/src/foundation/synchronous_future.dart:44:27)
#10     ImageProvider._createErrorHandlerAndKey (package:flutter/src/painting/image_provider.dart:500:10)
#11     ImageProvider.resolve (package:flutter/src/painting/image_provider.dart:380:5)
#12     _ReferenceArtState._resolve (package:cocenglish/core/design/reference_art.dart:163:10)
#13     _ReferenceArtState.didChangeDependencies (package:cocenglish/core/design/reference_art.dart:152:5)
#14     StatefulElement._firstBuild (package:flutter/src/widgets/framework.dart:5981:11)
#15     ComponentElement.mount (package:flutter/src/widgets/framework.dart:5806:5)
...     Normal element mounting (24 frames)
#39     Element.inflateWidget (package:flutter/src/widgets/framework.dart:4600:20)
#40     Element.updateChild (package:flutter/src/widgets/framework.dart:4072:18)
#41     SlottedRenderObjectElement._updateChildren (package:flutter/src/widgets/slotted_render_object_widget.dart:317:33)
#42     SlottedRenderObjectElement.mount (package:flutter/src/widgets/slotted_render_object_widget.dart:263:5)
...     Normal element mounting (186 frames)
#228    Element.inflateWidget (package:flutter/src/widgets/framework.dart:4600:20)
#229    Element.updateChild (package:flutter/src/widgets/framework.dart:4072:18)
#230    SliverMultiBoxAdaptorElement.updateChild (package:flutter/src/widgets/sliver.dart:1092:37)
#231    SliverMultiBoxAdaptorElement.createChild.<anonymous closure> (package:flutter/src/widgets/sliver.dart:1077:20)
#232    BuildOwner.buildScope (package:flutter/src/widgets/framework.dart:3114:19)
#233    SliverMultiBoxAdaptorElement.createChild (package:flutter/src/widgets/sliver.dart:1067:12)
#234    RenderSliverMultiBoxAdaptor._createOrObtainChild.<anonymous closure> (package:flutter/src/rendering/sliver_multi_box_adaptor.dart:368:23)
#235    RenderObject.invokeLayoutCallback.<anonymous closure> (package:flutter/src/rendering/object.dart:3042:17)
#236    PipelineOwner._enableMutationsToDirtySubtrees (package:flutter/src/rendering/object.dart:1223:15)
#237    RenderObject.invokeLayoutCallback (package:flutter/src/rendering/object.dart:3041:14)
#238    RenderSliverMultiBoxAdaptor._createOrObtainChild (package:flutter/src/rendering/sliver_multi_box_adaptor.dart:357:5)
#239    RenderSliverMultiBoxAdaptor.insertAndLayoutChild (package:flutter/src/rendering/sliver_multi_box_adaptor.dart:517:5)
#240    RenderSliverList.performLayout.advance (package:flutter/src/rendering/sliver_list.dart:238:19)
#241    RenderSliverList.performLayout (package:flutter/src/rendering/sliver_list.dart:278:12)
#242    RenderObject.layout (package:flutter/src/rendering/object.dart:2923:7)
#243    RenderSliverEdgeInsetsPadding.performLayout (package:flutter/src/rendering/sliver_padding.dart:133:12)
#244    RenderSliverPadding.performLayout (package:flutter/src/rendering/sliver_padding.dart:368:11)
#245    RenderObject.layout (package:flutter/src/rendering/object.dart:2923:7)
#246    RenderViewportBase.layoutChildSequence (package:flutter/src/rendering/viewport.dart:821:13)
#247    RenderViewport._attemptLayout (package:flutter/src/rendering/viewport.dart:1831:12)
#248    RenderViewport.performLayout (package:flutter/src/rendering/viewport.dart:1724:20)
#249    RenderObject.layout (package:flutter/src/rendering/object.dart:2923:7)
#250    RenderProxyBoxMixin.performLayout (package:flutter/src/rendering/proxy_box.dart:118:18)
#251    RenderObject.layout (package:flutter/src/rendering/object.dart:2923:7)
#252    RenderProxyBoxMixin.performLayout (package:flutter/src/rendering/proxy_box.dart:118:18)
#253    RenderObject.layout (package:flutter/src/rendering/object.dart:2923:7)
#254    RenderProxyBoxMixin.performLayout (package:flutter/src/rendering/proxy_box.dart:118:18)
#255    RenderObject.layout (package:flutter/src/rendering/object.dart:2923:7)
#256    RenderProxyBoxMixin.performLayout (package:flutter/src/rendering/proxy_box.dart:118:18)
#257    RenderObject.layout (package:flutter/src/rendering/object.dart:2923:7)
#258    RenderProxyBoxMixin.performLayout (package:flutter/src/rendering/proxy_box.dart:118:18)
#259    RenderObject.layout (package:flutter/src/rendering/object.dart:2923:7)
#260    RenderProxyBoxMixin.performLayout (package:flutter/src/rendering/proxy_box.dart:118:18)
#261    RenderObject.layout (package:flutter/src/rendering/object.dart:2923:7)
#262    RenderProxyBoxMixin.performLayout (package:flutter/src/rendering/proxy_box.dart:118:18)
#263    RenderObject.layout (package:flutter/src/rendering/object.dart:2923:7)
#264    RenderProxyBoxMixin.performLayout (package:flutter/src/rendering/proxy_box.dart:118:18)
#265    _RenderCustomClip.performLayout (package:flutter/src/rendering/proxy_box.dart:1549:11)
#266    RenderObject.layout (package:flutter/src/rendering/object.dart:2923:7)
#267    ChildLayoutHelper.layoutChild (package:flutter/src/rendering/layout_helper.dart:62:11)
#268    RenderFlex._computeSizes (package:flutter/src/rendering/flex.dart:1275:26)
#269    RenderFlex.performLayout (package:flutter/src/rendering/flex.dart:1329:32)
#270    RenderObject.layout (package:flutter/src/rendering/object.dart:2923:7)
#271    ChildLayoutHelper.layoutChild (package:flutter/src/rendering/layout_helper.dart:62:11)
#272    RenderFlex._computeSizes (package:flutter/src/rendering/flex.dart:1275:26)
#273    RenderFlex.performLayout (package:flutter/src/rendering/flex.dart:1329:32)
#274    RenderObject.layout (package:flutter/src/rendering/object.dart:2923:7)
#275    RenderPadding.performLayout (package:flutter/src/rendering/shifted_box.dart:262:12)
#276    RenderObject.layout (package:flutter/src/rendering/object.dart:2923:7)
#277    MultiChildLayoutDelegate.layoutChild (package:flutter/src/rendering/custom_layout.dart:180:12)
#278    _ScaffoldLayout.performLayout (package:flutter/src/material/scaffold.dart:1113:7)
#279    MultiChildLayoutDelegate._callPerformLayout (package:flutter/src/rendering/custom_layout.dart:246:7)
#280    RenderCustomMultiChildLayoutBox.performLayout (package:flutter/src/rendering/custom_layout.dart:417:14)
#281    RenderObject.layout (package:flutter/src/rendering/object.dart:2923:7)
#282    RenderProxyBoxMixin.performLayout (package:flutter/src/rendering/proxy_box.dart:118:18)
#283    RenderObject.layout (package:flutter/src/rendering/object.dart:2923:7)
#284    RenderProxyBoxMixin.performLayout (package:flutter/src/rendering/proxy_box.dart:118:18)
#285    _RenderCustomClip.performLayout (package:flutter/src/rendering/proxy_box.dart:1549:11)
#286    RenderObject.layout (package:flutter/src/rendering/object.dart:2923:7)
#287    MultiChildLayoutDelegate.layoutChild (package:flutter/src/rendering/custom_layout.dart:180:12)
#288    _ScaffoldLayout.performLayout (package:flutter/src/material/scaffold.dart:1113:7)
#289    MultiChildLayoutDelegate._callPerformLayout (package:flutter/src/rendering/custom_layout.dart:246:7)
#290    RenderCustomMultiChildLayoutBox.performLayout (package:flutter/src/rendering/custom_layout.dart:417:14)
#291    RenderObject.layout (package:flutter/src/rendering/object.dart:2923:7)
#292    RenderProxyBoxMixin.performLayout (package:flutter/src/rendering/proxy_box.dart:118:18)
#293    RenderObject.layout (package:flutter/src/rendering/object.dart:2923:7)
#294    RenderProxyBoxMixin.performLayout (package:flutter/src/rendering/proxy_box.dart:118:18)
#295    _RenderCustomClip.performLayout (package:flutter/src/rendering/proxy_box.dart:1549:11)
#296    RenderObject.layout (package:flutter/src/rendering/object.dart:2923:7)
#297    RenderProxyBoxMixin.performLayout (package:flutter/src/rendering/proxy_box.dart:118:18)
#298    RenderObject.layout (package:flutter/src/rendering/object.dart:2923:7)
#299    RenderProxyBoxMixin.performLayout (package:flutter/src/rendering/proxy_box.dart:118:18)
#300    RenderObject.layout (package:flutter/src/rendering/object.dart:2923:7)
#301    RenderProxyBoxMixin.performLayout (package:flutter/src/rendering/proxy_box.dart:118:18)
#302    RenderObject.layout (package:flutter/src/rendering/object.dart:2923:7)
#303    RenderProxyBoxMixin.performLayout (package:flutter/src/rendering/proxy_box.dart:118:18)
#304    RenderObject.layout (package:flutter/src/rendering/object.dart:2923:7)
#305    RenderProxyBoxMixin.performLayout (package:flutter/src/rendering/proxy_box.dart:118:18)
#306    RenderObject.layout (package:flutter/src/rendering/object.dart:2923:7)
#307    RenderProxyBoxMixin.performLayout (package:flutter/src/rendering/proxy_box.dart:118:18)
#308    RenderObject.layout (package:flutter/src/rendering/object.dart:2923:7)
#309    RenderProxyBoxMixin.performLayout (package:flutter/src/rendering/proxy_box.dart:118:18)
#310    RenderObject.layout (package:flutter/src/rendering/object.dart:2923:7)
#311    RenderProxyBoxMixin.performLayout (package:flutter/src/rendering/proxy_box.dart:118:18)
#312    RenderObject.layout (package:flutter/src/rendering/object.dart:2923:7)
#313    RenderProxyBoxMixin.performLayout (package:flutter/src/rendering/proxy_box.dart:118:18)
#314    RenderObject.layout (package:flutter/src/rendering/object.dart:2923:7)
#315    RenderProxyBoxMixin.performLayout (package:flutter/src/rendering/proxy_box.dart:118:18)
#316    RenderObject.layout (package:flutter/src/rendering/object.dart:2923:7)
#317    RenderProxyBoxMixin.performLayout (package:flutter/src/rendering/proxy_box.dart:118:18)
#318    RenderObject.layout (package:flutter/src/rendering/object.dart:2923:7)
#319    RenderProxyBoxMixin.performLayout (package:flutter/src/rendering/proxy_box.dart:118:18)
#320    RenderObject.layout (package:flutter/src/rendering/object.dart:2923:7)
#321    RenderProxyBoxMixin.performLayout (package:flutter/src/rendering/proxy_box.dart:118:18)
#322    RenderObject.layout (package:flutter/src/rendering/object.dart:2923:7)
#323    RenderProxyBoxMixin.performLayout (package:flutter/src/rendering/proxy_box.dart:118:18)
#324    RenderObject.layout (package:flutter/src/rendering/object.dart:2923:7)
#325    RenderProxyBoxMixin.performLayout (package:flutter/src/rendering/proxy_box.dart:118:18)
#326    RenderObject.layout (package:flutter/src/rendering/object.dart:2923:7)
#327    RenderProxyBoxMixin.performLayout (package:flutter/src/rendering/proxy_box.dart:118:18)
#328    RenderOffstage.performLayout (package:flutter/src/rendering/proxy_box.dart:3923:13)
#329    RenderObject.layout (package:flutter/src/rendering/object.dart:2923:7)
#330    RenderProxyBoxMixin.performLayout (package:flutter/src/rendering/proxy_box.dart:118:18)
#331    RenderObject.layout (package:flutter/src/rendering/object.dart:2923:7)
#332    _RenderTheaterMixin.layoutChild (package:flutter/src/widgets/overlay.dart:1124:13)
#333    _RenderTheater.performLayout (package:flutter/src/widgets/overlay.dart:1482:9)
#334    RenderObject.layout (package:flutter/src/rendering/object.dart:2923:7)
#335    RenderProxyBoxMixin.performLayout (package:flutter/src/rendering/proxy_box.dart:118:18)
#336    RenderObject.layout (package:flutter/src/rendering/object.dart:2923:7)
#337    RenderProxyBoxMixin.performLayout (package:flutter/src/rendering/proxy_box.dart:118:18)
#338    RenderObject.layout (package:flutter/src/rendering/object.dart:2923:7)
#339    RenderProxyBoxMixin.performLayout (package:flutter/src/rendering/proxy_box.dart:118:18)
#340    RenderObject.layout (package:flutter/src/rendering/object.dart:2923:7)
#341    RenderProxyBoxMixin.performLayout (package:flutter/src/rendering/proxy_box.dart:118:18)
#342    RenderCustomPaint.performLayout (package:flutter/src/rendering/custom_paint.dart:574:11)
#343    RenderObject.layout (package:flutter/src/rendering/object.dart:2923:7)
#344    RenderProxyBoxMixin.performLayout (package:flutter/src/rendering/proxy_box.dart:118:18)
#345    RenderObject.layout (package:flutter/src/rendering/object.dart:2923:7)
#346    RenderProxyBoxMixin.performLayout (package:flutter/src/rendering/proxy_box.dart:118:18)
#347    RenderObject.layout (package:flutter/src/rendering/object.dart:2923:7)
#348    RenderProxyBoxMixin.performLayout (package:flutter/src/rendering/proxy_box.dart:118:18)
#349    RenderObject.layout (package:flutter/src/rendering/object.dart:2923:7)
#350    RenderProxyBoxMixin.performLayout (package:flutter/src/rendering/proxy_box.dart:118:18)
#351    RenderObject.layout (package:flutter/src/rendering/object.dart:2923:7)
#352    RenderProxyBoxMixin.performLayout (package:flutter/src/rendering/proxy_box.dart:118:18)
#353    RenderObject.layout (package:flutter/src/rendering/object.dart:2923:7)
#354    RenderProxyBoxMixin.performLayout (package:flutter/src/rendering/proxy_box.dart:118:18)
#355    RenderObject.layout (package:flutter/src/rendering/object.dart:2923:7)
#356    RenderView.performLayout (package:flutter/src/rendering/view.dart:292:12)
#357    RenderObject._layoutWithoutResize (package:flutter/src/rendering/object.dart:2771:7)
#358    PipelineOwner.flushLayout (package:flutter/src/rendering/object.dart:1174:18)
#359    PipelineOwner.flushLayout (package:flutter/src/rendering/object.dart:1187:15)
#360    AutomatedTestWidgetsFlutterBinding.drawFrame (package:flutter_test/src/binding.dart:2434:27)
#361    RendererBinding._handlePersistentFrameCallback (package:flutter/src/rendering/binding.dart:558:5)
#362    SchedulerBinding._invokeFrameCallback (package:flutter/src/scheduler/binding.dart:1430:15)
#363    SchedulerBinding.handleDrawFrame (package:flutter/src/scheduler/binding.dart:1345:9)
#364    AutomatedTestWidgetsFlutterBinding.pump.<anonymous closure> (package:flutter_test/src/binding.dart:2261:9)
#367    TestAsyncUtils.guard (package:flutter_test/src/test_async_utils.dart:74:41)
#368    AutomatedTestWidgetsFlutterBinding.pump (package:flutter_test/src/binding.dart:2250:27)
#369    WidgetTester.pumpWidget.<anonymous closure> (package:flutter_test/src/widget_tester.dart:598:22)
#372    TestAsyncUtils.guard (package:flutter_test/src/test_async_utils.dart:74:41)
#373    WidgetTester.pumpWidget (package:flutter_test/src/widget_tester.dart:595:27)
#374    main.<anonymous closure> (file:///C:/Users/ADMIN/Desktop/CocEnglish/apps/mobile/test/status_feed_ui_test.dart:113:22)
#375    testWidgets.<anonymous closure>.<anonymous closure> (package:flutter_test/src/widget_tester.dart:192:29)
<asynchronous suspension>
#376    TestWidgetsFlutterBinding._runTestBody (package:flutter_test/src/binding.dart:1953:5)
<asynchronous suspension>
<asynchronous suspension>
(elided 5 frames from dart:async and package:stack_trace)
════════════════════════════════════════════════════════════════════════════════════════════════════
══╡ EXCEPTION CAUGHT BY REFERENCE ILLUSTRATION ╞════════════════════════════════════════════════════
The following assertion was thrown:
Unable to load asset: "assets/reference_art/feed-sentences.png".
The asset does not exist or has empty data.

When the exception was thrown, this was the stack:
#0      PlatformAssetBundle.load (package:flutter/src/services/asset_bundle.dart:340:7)
#1      PlatformAssetBundle.loadBuffer (package:flutter/src/services/asset_bundle.dart:367:36)
#2      AssetBundleImageProvider._loadAsync (package:flutter/src/painting/image_provider.dart:787:33)
#3      AssetBundleImageProvider.loadImage (package:flutter/src/painting/image_provider.dart:747:14)
#4      ImageProvider.resolveStreamForKey.<anonymous closure> (package:flutter/src/painting/image_provider.dart:550:39)
#5      ImageCache.putIfAbsent (package:flutter/src/painting/image_cache.dart:368:22)
#6      ImageProvider.resolveStreamForKey (package:flutter/src/painting/image_provider.dart:547:81)
#7      ImageProvider.resolve.<anonymous closure> (package:flutter/src/painting/image_provider.dart:383:9)
#8      ImageProvider._createErrorHandlerAndKey.<anonymous closure> (package:flutter/src/painting/image_provider.dart:503:28)
#9      SynchronousFuture.then (package:flutter/src/foundation/synchronous_future.dart:44:27)
#10     ImageProvider._createErrorHandlerAndKey (package:flutter/src/painting/image_provider.dart:500:10)
#11     ImageProvider.resolve (package:flutter/src/painting/image_provider.dart:380:5)
#12     _ReferenceArtState._resolve (package:cocenglish/core/design/reference_art.dart:163:10)
#13     _ReferenceArtState.didChangeDependencies (package:cocenglish/core/design/reference_art.dart:152:5)
#14     StatefulElement._firstBuild (package:flutter/src/widgets/framework.dart:5981:11)
#15     ComponentElement.mount (package:flutter/src/widgets/framework.dart:5806:5)
...     Normal element mounting (24 frames)
#39     Element.inflateWidget (package:flutter/src/widgets/framework.dart:4600:20)
#40     Element.updateChild (package:flutter/src/widgets/framework.dart:4072:18)
#41     SlottedRenderObjectElement._updateChildren (package:flutter/src/widgets/slotted_render_object_widget.dart:317:33)
#42     SlottedRenderObjectElement.mount (package:flutter/src/widgets/slotted_render_object_widget.dart:263:5)
...     Normal element mounting (186 frames)
#228    Element.inflateWidget (package:flutter/src/widgets/framework.dart:4600:20)
#229    Element.updateChild (package:flutter/src/widgets/framework.dart:4072:18)
#230    SliverMultiBoxAdaptorElement.updateChild (package:flutter/src/widgets/sliver.dart:1092:37)
#231    SliverMultiBoxAdaptorElement.createChild.<anonymous closure> (package:flutter/src/widgets/sliver.dart:1077:20)
#232    BuildOwner.buildScope (package:flutter/src/widgets/framework.dart:3114:19)
#233    SliverMultiBoxAdaptorElement.createChild (package:flutter/src/widgets/sliver.dart:1067:12)
#234    RenderSliverMultiBoxAdaptor._createOrObtainChild.<anonymous closure> (package:flutter/src/rendering/sliver_multi_box_adaptor.dart:368:23)
#235    RenderObject.invokeLayoutCallback.<anonymous closure> (package:flutter/src/rendering/object.dart:3042:17)
#236    PipelineOwner._enableMutationsToDirtySubtrees (package:flutter/src/rendering/object.dart:1223:15)
#237    RenderObject.invokeLayoutCallback (package:flutter/src/rendering/object.dart:3041:14)
#238    RenderSliverMultiBoxAdaptor._createOrObtainChild (package:flutter/src/rendering/sliver_multi_box_adaptor.dart:357:5)
#239    RenderSliverMultiBoxAdaptor.insertAndLayoutChild (package:flutter/src/rendering/sliver_multi_box_adaptor.dart:517:5)
#240    RenderSliverList.performLayout.advance (package:flutter/src/rendering/sliver_list.dart:238:19)
#241    RenderSliverList.performLayout (package:flutter/src/rendering/sliver_list.dart:278:12)
#242    RenderObject.layout (package:flutter/src/rendering/object.dart:2923:7)
#243    RenderSliverEdgeInsetsPadding.performLayout (package:flutter/src/rendering/sliver_padding.dart:133:12)
#244    RenderSliverPadding.performLayout (package:flutter/src/rendering/sliver_padding.dart:368:11)
#245    RenderObject.layout (package:flutter/src/rendering/object.dart:2923:7)
#246    RenderViewportBase.layoutChildSequence (package:flutter/src/rendering/viewport.dart:821:13)
#247    RenderViewport._attemptLayout (package:flutter/src/rendering/viewport.dart:1831:12)
#248    RenderViewport.performLayout (package:flutter/src/rendering/viewport.dart:1724:20)
#249    RenderObject.layout (package:flutter/src/rendering/object.dart:2923:7)
#250    RenderProxyBoxMixin.performLayout (package:flutter/src/rendering/proxy_box.dart:118:18)
#251    RenderObject.layout (package:flutter/src/rendering/object.dart:2923:7)
#252    RenderProxyBoxMixin.performLayout (package:flutter/src/rendering/proxy_box.dart:118:18)
#253    RenderObject.layout (package:flutter/src/rendering/object.dart:2923:7)
#254    RenderProxyBoxMixin.performLayout (package:flutter/src/rendering/proxy_box.dart:118:18)
#255    RenderObject.layout (package:flutter/src/rendering/object.dart:2923:7)
#256    RenderProxyBoxMixin.performLayout (package:flutter/src/rendering/proxy_box.dart:118:18)
#257    RenderObject.layout (package:flutter/src/rendering/object.dart:2923:7)
#258    RenderProxyBoxMixin.performLayout (package:flutter/src/rendering/proxy_box.dart:118:18)
#259    RenderObject.layout (package:flutter/src/rendering/object.dart:2923:7)
#260    RenderProxyBoxMixin.performLayout (package:flutter/src/rendering/proxy_box.dart:118:18)
#261    RenderObject.layout (package:flutter/src/rendering/object.dart:2923:7)
#262    RenderProxyBoxMixin.performLayout (package:flutter/src/rendering/proxy_box.dart:118:18)
#263    RenderObject.layout (package:flutter/src/rendering/object.dart:2923:7)
#264    RenderProxyBoxMixin.performLayout (package:flutter/src/rendering/proxy_box.dart:118:18)
#265    _RenderCustomClip.performLayout (package:flutter/src/rendering/proxy_box.dart:1549:11)
#266    RenderObject.layout (package:flutter/src/rendering/object.dart:2923:7)
#267    ChildLayoutHelper.layoutChild (package:flutter/src/rendering/layout_helper.dart:62:11)
#268    RenderFlex._computeSizes (package:flutter/src/rendering/flex.dart:1275:26)
#269    RenderFlex.performLayout (package:flutter/src/rendering/flex.dart:1329:32)
#270    RenderObject.layout (package:flutter/src/rendering/object.dart:2923:7)
#271    ChildLayoutHelper.layoutChild (package:flutter/src/rendering/layout_helper.dart:62:11)
#272    RenderFlex._computeSizes (package:flutter/src/rendering/flex.dart:1275:26)
#273    RenderFlex.performLayout (package:flutter/src/rendering/flex.dart:1329:32)
#274    RenderObject.layout (package:flutter/src/rendering/object.dart:2923:7)
#275    RenderPadding.performLayout (package:flutter/src/rendering/shifted_box.dart:262:12)
#276    RenderObject.layout (package:flutter/src/rendering/object.dart:2923:7)
#277    MultiChildLayoutDelegate.layoutChild (package:flutter/src/rendering/custom_layout.dart:180:12)
#278    _ScaffoldLayout.performLayout (package:flutter/src/material/scaffold.dart:1113:7)
#279    MultiChildLayoutDelegate._callPerformLayout (package:flutter/src/rendering/custom_layout.dart:246:7)
#280    RenderCustomMultiChildLayoutBox.performLayout (package:flutter/src/rendering/custom_layout.dart:417:14)
#281    RenderObject.layout (package:flutter/src/rendering/object.dart:2923:7)
#282    RenderProxyBoxMixin.performLayout (package:flutter/src/rendering/proxy_box.dart:118:18)
#283    RenderObject.layout (package:flutter/src/rendering/object.dart:2923:7)
#284    RenderProxyBoxMixin.performLayout (package:flutter/src/rendering/proxy_box.dart:118:18)
#285    _RenderCustomClip.performLayout (package:flutter/src/rendering/proxy_box.dart:1549:11)
#286    RenderObject.layout (package:flutter/src/rendering/object.dart:2923:7)
#287    MultiChildLayoutDelegate.layoutChild (package:flutter/src/rendering/custom_layout.dart:180:12)
#288    _ScaffoldLayout.performLayout (package:flutter/src/material/scaffold.dart:1113:7)
#289    MultiChildLayoutDelegate._callPerformLayout (package:flutter/src/rendering/custom_layout.dart:246:7)
#290    RenderCustomMultiChildLayoutBox.performLayout (package:flutter/src/rendering/custom_layout.dart:417:14)
#291    RenderObject.layout (package:flutter/src/rendering/object.dart:2923:7)
#292    RenderProxyBoxMixin.performLayout (package:flutter/src/rendering/proxy_box.dart:118:18)
#293    RenderObject.layout (package:flutter/src/rendering/object.dart:2923:7)
#294    RenderProxyBoxMixin.performLayout (package:flutter/src/rendering/proxy_box.dart:118:18)
#295    _RenderCustomClip.performLayout (package:flutter/src/rendering/proxy_box.dart:1549:11)
#296    RenderObject.layout (package:flutter/src/rendering/object.dart:2923:7)
#297    RenderProxyBoxMixin.performLayout (package:flutter/src/rendering/proxy_box.dart:118:18)
#298    RenderObject.layout (package:flutter/src/rendering/object.dart:2923:7)
#299    RenderProxyBoxMixin.performLayout (package:flutter/src/rendering/proxy_box.dart:118:18)
#300    RenderObject.layout (package:flutter/src/rendering/object.dart:2923:7)
#301    RenderProxyBoxMixin.performLayout (package:flutter/src/rendering/proxy_box.dart:118:18)
#302    RenderObject.layout (package:flutter/src/rendering/object.dart:2923:7)
#303    RenderProxyBoxMixin.performLayout (package:flutter/src/rendering/proxy_box.dart:118:18)
#304    RenderObject.layout (package:flutter/src/rendering/object.dart:2923:7)
#305    RenderProxyBoxMixin.performLayout (package:flutter/src/rendering/proxy_box.dart:118:18)
#306    RenderObject.layout (package:flutter/src/rendering/object.dart:2923:7)
#307    RenderProxyBoxMixin.performLayout (package:flutter/src/rendering/proxy_box.dart:118:18)
#308    RenderObject.layout (package:flutter/src/rendering/object.dart:2923:7)
#309    RenderProxyBoxMixin.performLayout (package:flutter/src/rendering/proxy_box.dart:118:18)
#310    RenderObject.layout (package:flutter/src/rendering/object.dart:2923:7)
#311    RenderProxyBoxMixin.performLayout (package:flutter/src/rendering/proxy_box.dart:118:18)
#312    RenderObject.layout (package:flutter/src/rendering/object.dart:2923:7)
#313    RenderProxyBoxMixin.performLayout (package:flutter/src/rendering/proxy_box.dart:118:18)
#314    RenderObject.layout (package:flutter/src/rendering/object.dart:2923:7)
#315    RenderProxyBoxMixin.performLayout (package:flutter/src/rendering/proxy_box.dart:118:18)
#316    RenderObject.layout (package:flutter/src/rendering/object.dart:2923:7)
#317    RenderProxyBoxMixin.performLayout (package:flutter/src/rendering/proxy_box.dart:118:18)
#318    RenderObject.layout (package:flutter/src/rendering/object.dart:2923:7)
#319    RenderProxyBoxMixin.performLayout (package:flutter/src/rendering/proxy_box.dart:118:18)
#320    RenderObject.layout (package:flutter/src/rendering/object.dart:2923:7)
#321    RenderProxyBoxMixin.performLayout (package:flutter/src/rendering/proxy_box.dart:118:18)
#322    RenderObject.layout (package:flutter/src/rendering/object.dart:2923:7)
#323    RenderProxyBoxMixin.performLayout (package:flutter/src/rendering/proxy_box.dart:118:18)
#324    RenderObject.layout (package:flutter/src/rendering/object.dart:2923:7)
#325    RenderProxyBoxMixin.performLayout (package:flutter/src/rendering/proxy_box.dart:118:18)
#326    RenderObject.layout (package:flutter/src/rendering/object.dart:2923:7)
#327    RenderProxyBoxMixin.performLayout (package:flutter/src/rendering/proxy_box.dart:118:18)
#328    RenderOffstage.performLayout (package:flutter/src/rendering/proxy_box.dart:3923:13)
#329    RenderObject.layout (package:flutter/src/rendering/object.dart:2923:7)
#330    RenderProxyBoxMixin.performLayout (package:flutter/src/rendering/proxy_box.dart:118:18)
#331    RenderObject.layout (package:flutter/src/rendering/object.dart:2923:7)
#332    _RenderTheaterMixin.layoutChild (package:flutter/src/widgets/overlay.dart:1124:13)
#333    _RenderTheater.performLayout (package:flutter/src/widgets/overlay.dart:1482:9)
#334    RenderObject.layout (package:flutter/src/rendering/object.dart:2923:7)
#335    RenderProxyBoxMixin.performLayout (package:flutter/src/rendering/proxy_box.dart:118:18)
#336    RenderObject.layout (package:flutter/src/rendering/object.dart:2923:7)
#337    RenderProxyBoxMixin.performLayout (package:flutter/src/rendering/proxy_box.dart:118:18)
#338    RenderObject.layout (package:flutter/src/rendering/object.dart:2923:7)
#339    RenderProxyBoxMixin.performLayout (package:flutter/src/rendering/proxy_box.dart:118:18)
#340    RenderObject.layout (package:flutter/src/rendering/object.dart:2923:7)
#341    RenderProxyBoxMixin.performLayout (package:flutter/src/rendering/proxy_box.dart:118:18)
#342    RenderCustomPaint.performLayout (package:flutter/src/rendering/custom_paint.dart:574:11)
#343    RenderObject.layout (package:flutter/src/rendering/object.dart:2923:7)
#344    RenderProxyBoxMixin.performLayout (package:flutter/src/rendering/proxy_box.dart:118:18)
#345    RenderObject.layout (package:flutter/src/rendering/object.dart:2923:7)
#346    RenderProxyBoxMixin.performLayout (package:flutter/src/rendering/proxy_box.dart:118:18)
#347    RenderObject.layout (package:flutter/src/rendering/object.dart:2923:7)
#348    RenderProxyBoxMixin.performLayout (package:flutter/src/rendering/proxy_box.dart:118:18)
#349    RenderObject.layout (package:flutter/src/rendering/object.dart:2923:7)
#350    RenderProxyBoxMixin.performLayout (package:flutter/src/rendering/proxy_box.dart:118:18)
#351    RenderObject.layout (package:flutter/src/rendering/object.dart:2923:7)
#352    RenderProxyBoxMixin.performLayout (package:flutter/src/rendering/proxy_box.dart:118:18)
#353    RenderObject.layout (package:flutter/src/rendering/object.dart:2923:7)
#354    RenderProxyBoxMixin.performLayout (package:flutter/src/rendering/proxy_box.dart:118:18)
#355    RenderObject.layout (package:flutter/src/rendering/object.dart:2923:7)
#356    RenderView.performLayout (package:flutter/src/rendering/view.dart:292:12)
#357    RenderObject._layoutWithoutResize (package:flutter/src/rendering/object.dart:2771:7)
#358    PipelineOwner.flushLayout (package:flutter/src/rendering/object.dart:1174:18)
#359    PipelineOwner.flushLayout (package:flutter/src/rendering/object.dart:1187:15)
#360    AutomatedTestWidgetsFlutterBinding.drawFrame (package:flutter_test/src/binding.dart:2434:27)
#361    RendererBinding._handlePersistentFrameCallback (package:flutter/src/rendering/binding.dart:558:5)
#362    SchedulerBinding._invokeFrameCallback (package:flutter/src/scheduler/binding.dart:1430:15)
#363    SchedulerBinding.handleDrawFrame (package:flutter/src/scheduler/binding.dart:1345:9)
#364    AutomatedTestWidgetsFlutterBinding.pump.<anonymous closure> (package:flutter_test/src/binding.dart:2261:9)
#367    TestAsyncUtils.guard (package:flutter_test/src/test_async_utils.dart:74:41)
#368    AutomatedTestWidgetsFlutterBinding.pump (package:flutter_test/src/binding.dart:2250:27)
#369    WidgetTester.pumpWidget.<anonymous closure> (package:flutter_test/src/widget_tester.dart:598:22)
#372    TestAsyncUtils.guard (package:flutter_test/src/test_async_utils.dart:74:41)
#373    WidgetTester.pumpWidget (package:flutter_test/src/widget_tester.dart:595:27)
#374    main.<anonymous closure> (file:///C:/Users/ADMIN/Desktop/CocEnglish/apps/mobile/test/status_feed_ui_test.dart:113:22)
#375    testWidgets.<anonymous closure>.<anonymous closure> (package:flutter_test/src/widget_tester.dart:192:29)
<asynchronous suspension>
#376    TestWidgetsFlutterBinding._runTestBody (package:flutter_test/src/binding.dart:1953:5)
<asynchronous suspension>
<asynchronous suspension>
(elided 5 frames from dart:async and package:stack_trace)
════════════════════════════════════════════════════════════════════════════════════════════════════
══╡ EXCEPTION CAUGHT BY FLUTTER TEST FRAMEWORK ╞════════════════════════════════════════════════════
The following TestFailure was thrown running a test:
Expected: null
  Actual: 'Multiple exceptions (3) were detected during the running of the current test, and at
least one was unexpected.'

When the exception was thrown, this was the stack:
#4      main.<anonymous closure> (file:///C:/Users/ADMIN/Desktop/CocEnglish/apps/mobile/test/status_feed_ui_test.dart:119:9)
<asynchronous suspension>
#5      testWidgets.<anonymous closure>.<anonymous closure> (package:flutter_test/src/widget_tester.dart:192:15)
<asynchronous suspension>
#6      TestWidgetsFlutterBinding._runTestBody (package:flutter_test/src/binding.dart:1953:5)
<asynchronous suspension>
<asynchronous suspension>
(elided one frame from package:stack_trace)

This was caught by the test expectation on the following line:
  file:///C:/Users/ADMIN/Desktop/CocEnglish/apps/mobile/test/status_feed_ui_test.dart line 119
The test description was:
  feed and actual status modal width360.0 text1.0
════════════════════════════════════════════════════════════════════════════════════════════════════
00:10 +0 -4: feed and actual status modal width360.0 text1.0 [E]
  Test failed. See exception logs above.
  The test description was: feed and actual status modal width360.0 text1.0
  
00:10 +0 -4: feed and actual status modal width360.0 text2.0
══╡ EXCEPTION CAUGHT BY REFERENCE ILLUSTRATION ╞════════════════════════════════════════════════════
The following assertion was thrown:
Unable to load asset: "assets/reference_art/feed-suggestions.png".
The asset does not exist or has empty data.

When the exception was thrown, this was the stack:
#0      PlatformAssetBundle.load (package:flutter/src/services/asset_bundle.dart:340:7)
#1      PlatformAssetBundle.loadBuffer (package:flutter/src/services/asset_bundle.dart:367:36)
#2      AssetBundleImageProvider._loadAsync (package:flutter/src/painting/image_provider.dart:787:33)
#3      AssetBundleImageProvider.loadImage (package:flutter/src/painting/image_provider.dart:747:14)
#4      ImageProvider.resolveStreamForKey.<anonymous closure> (package:flutter/src/painting/image_provider.dart:550:39)
#5      ImageCache.putIfAbsent (package:flutter/src/painting/image_cache.dart:368:22)
#6      ImageProvider.resolveStreamForKey (package:flutter/src/painting/image_provider.dart:547:81)
#7      ImageProvider.resolve.<anonymous closure> (package:flutter/src/painting/image_provider.dart:383:9)
#8      ImageProvider._createErrorHandlerAndKey.<anonymous closure> (package:flutter/src/painting/image_provider.dart:503:28)
#9      SynchronousFuture.then (package:flutter/src/foundation/synchronous_future.dart:44:27)
#10     ImageProvider._createErrorHandlerAndKey (package:flutter/src/painting/image_provider.dart:500:10)
#11     ImageProvider.resolve (package:flutter/src/painting/image_provider.dart:380:5)
#12     _ReferenceArtState._resolve (package:cocenglish/core/design/reference_art.dart:163:10)
#13     _ReferenceArtState.didChangeDependencies (package:cocenglish/core/design/reference_art.dart:152:5)
#14     StatefulElement._firstBuild (package:flutter/src/widgets/framework.dart:5981:11)
#15     ComponentElement.mount (package:flutter/src/widgets/framework.dart:5806:5)
...     Normal element mounting (41 frames)
#56     Element.inflateWidget (package:flutter/src/widgets/framework.dart:4600:20)
#57     Element.updateChild (package:flutter/src/widgets/framework.dart:4072:18)
#58     SliverMultiBoxAdaptorElement.updateChild (package:flutter/src/widgets/sliver.dart:1092:37)
#59     SliverMultiBoxAdaptorElement.createChild.<anonymous closure> (package:flutter/src/widgets/sliver.dart:1077:20)
#60     BuildOwner.buildScope (package:flutter/src/widgets/framework.dart:3114:19)
#61     SliverMultiBoxAdaptorElement.createChild (package:flutter/src/widgets/sliver.dart:1067:12)
#62     RenderSliverMultiBoxAdaptor._createOrObtainChild.<anonymous closure> (package:flutter/src/rendering/sliver_multi_box_adaptor.dart:368:23)
#63     RenderObject.invokeLayoutCallback.<anonymous closure> (package:flutter/src/rendering/object.dart:3042:17)
#64     PipelineOwner._enableMutationsToDirtySubtrees (package:flutter/src/rendering/object.dart:1223:15)
#65     RenderObject.invokeLayoutCallback (package:flutter/src/rendering/object.dart:3041:14)
#66     RenderSliverMultiBoxAdaptor._createOrObtainChild (package:flutter/src/rendering/sliver_multi_box_adaptor.dart:357:5)
#67     RenderSliverMultiBoxAdaptor.addInitialChild (package:flutter/src/rendering/sliver_multi_box_adaptor.dart:455:5)
#68     RenderSliverList.performLayout (package:flutter/src/rendering/sliver_list.dart:79:12)
#69     RenderObject.layout (package:flutter/src/rendering/object.dart:2923:7)
#70     RenderSliverEdgeInsetsPadding.performLayout (package:flutter/src/rendering/sliver_padding.dart:133:12)
#71     RenderSliverPadding.performLayout (package:flutter/src/rendering/sliver_padding.dart:368:11)
#72     RenderObject.layout (package:flutter/src/rendering/object.dart:2923:7)
#73     RenderViewportBase.layoutChildSequence (package:flutter/src/rendering/viewport.dart:821:13)
#74     RenderViewport._attemptLayout (package:flutter/src/rendering/viewport.dart:1831:12)
#75     RenderViewport.performLayout (package:flutter/src/rendering/viewport.dart:1724:20)
#76     RenderObject.layout (package:flutter/src/rendering/object.dart:2923:7)
#77     RenderProxyBoxMixin.performLayout (package:flutter/src/rendering/proxy_box.dart:118:18)
#78     RenderObject.layout (package:flutter/src/rendering/object.dart:2923:7)
#79     RenderProxyBoxMixin.performLayout (package:flutter/src/rendering/proxy_box.dart:118:18)
#80     RenderObject.layout (package:flutter/src/rendering/object.dart:2923:7)
#81     RenderProxyBoxMixin.performLayout (package:flutter/src/rendering/proxy_box.dart:118:18)
#82     RenderObject.layout (package:flutter/src/rendering/object.dart:2923:7)
#83     RenderProxyBoxMixin.performLayout (package:flutter/src/rendering/proxy_box.dart:118:18)
#84     RenderObject.layout (package:flutter/src/rendering/object.dart:2923:7)
#85     RenderProxyBoxMixin.performLayout (package:flutter/src/rendering/proxy_box.dart:118:18)
#86     RenderObject.layout (package:flutter/src/rendering/object.dart:2923:7)
#87     RenderProxyBoxMixin.performLayout (package:flutter/src/rendering/proxy_box.dart:118:18)
#88     RenderObject.layout (package:flutter/src/rendering/object.dart:2923:7)
#89     RenderProxyBoxMixin.performLayout (package:flutter/src/rendering/proxy_box.dart:118:18)
#90     RenderObject.layout (package:flutter/src/rendering/object.dart:2923:7)
#91     RenderProxyBoxMixin.performLayout (package:flutter/src/rendering/proxy_box.dart:118:18)
#92     _RenderCustomClip.performLayout (package:flutter/src/rendering/proxy_box.dart:1549:11)
#93     RenderObject.layout (package:flutter/src/rendering/object.dart:2923:7)
#94     ChildLayoutHelper.layoutChild (package:flutter/src/rendering/layout_helper.dart:62:11)
#95     RenderFlex._computeSizes (package:flutter/src/rendering/flex.dart:1275:26)
#96     RenderFlex.performLayout (package:flutter/src/rendering/flex.dart:1329:32)
#97     RenderObject.layout (package:flutter/src/rendering/object.dart:2923:7)
#98     ChildLayoutHelper.layoutChild (package:flutter/src/rendering/layout_helper.dart:62:11)
#99     RenderFlex._computeSizes (package:flutter/src/rendering/flex.dart:1275:26)
#100    RenderFlex.performLayout (package:flutter/src/rendering/flex.dart:1329:32)
#101    RenderObject.layout (package:flutter/src/rendering/object.dart:2923:7)
#102    RenderPadding.performLayout (package:flutter/src/rendering/shifted_box.dart:262:12)
#103    RenderObject.layout (package:flutter/src/rendering/object.dart:2923:7)
#104    MultiChildLayoutDelegate.layoutChild (package:flutter/src/rendering/custom_layout.dart:180:12)
#105    _ScaffoldLayout.performLayout (package:flutter/src/material/scaffold.dart:1113:7)
#106    MultiChildLayoutDelegate._callPerformLayout (package:flutter/src/rendering/custom_layout.dart:246:7)
#107    RenderCustomMultiChildLayoutBox.performLayout (package:flutter/src/rendering/custom_layout.dart:417:14)
#108    RenderObject.layout (package:flutter/src/rendering/object.dart:2923:7)
#109    RenderProxyBoxMixin.performLayout (package:flutter/src/rendering/proxy_box.dart:118:18)
#110    RenderObject.layout (package:flutter/src/rendering/object.dart:2923:7)
#111    RenderProxyBoxMixin.performLayout (package:flutter/src/rendering/proxy_box.dart:118:18)
#112    _RenderCustomClip.performLayout (package:flutter/src/rendering/proxy_box.dart:1549:11)
#113    RenderObject.layout (package:flutter/src/rendering/object.dart:2923:7)
#114    MultiChildLayoutDelegate.layoutChild (package:flutter/src/rendering/custom_layout.dart:180:12)
#115    _ScaffoldLayout.performLayout (package:flutter/src/material/scaffold.dart:1113:7)
#116    MultiChildLayoutDelegate._callPerformLayout (package:flutter/src/rendering/custom_layout.dart:246:7)
#117    RenderCustomMultiChildLayoutBox.performLayout (package:flutter/src/rendering/custom_layout.dart:417:14)
#118    RenderObject.layout (package:flutter/src/rendering/object.dart:2923:7)
#119    RenderProxyBoxMixin.performLayout (package:flutter/src/rendering/proxy_box.dart:118:18)
#120    RenderObject.layout (package:flutter/src/rendering/object.dart:2923:7)
#121    RenderProxyBoxMixin.performLayout (package:flutter/src/rendering/proxy_box.dart:118:18)
#122    _RenderCustomClip.performLayout (package:flutter/src/rendering/proxy_box.dart:1549:11)
#123    RenderObject.layout (package:flutter/src/rendering/object.dart:2923:7)
#124    RenderProxyBoxMixin.performLayout (package:flutter/src/rendering/proxy_box.dart:118:18)
#125    RenderObject.layout (package:flutter/src/rendering/object.dart:2923:7)
#126    RenderProxyBoxMixin.performLayout (package:flutter/src/rendering/proxy_box.dart:118:18)
#127    RenderObject.layout (package:flutter/src/rendering/object.dart:2923:7)
#128    RenderProxyBoxMixin.performLayout (package:flutter/src/rendering/proxy_box.dart:118:18)
#129    RenderObject.layout (package:flutter/src/rendering/object.dart:2923:7)
#130    RenderProxyBoxMixin.performLayout (package:flutter/src/rendering/proxy_box.dart:118:18)
#131    RenderObject.layout (package:flutter/src/rendering/object.dart:2923:7)
#132    RenderProxyBoxMixin.performLayout (package:flutter/src/rendering/proxy_box.dart:118:18)
#133    RenderObject.layout (package:flutter/src/rendering/object.dart:2923:7)
#134    RenderProxyBoxMixin.performLayout (package:flutter/src/rendering/proxy_box.dart:118:18)
#135    RenderObject.layout (package:flutter/src/rendering/object.dart:2923:7)
#136    RenderProxyBoxMixin.performLayout (package:flutter/src/rendering/proxy_box.dart:118:18)
#137    RenderObject.layout (package:flutter/src/rendering/object.dart:2923:7)
#138    RenderProxyBoxMixin.performLayout (package:flutter/src/rendering/proxy_box.dart:118:18)
#139    RenderObject.layout (package:flutter/src/rendering/object.dart:2923:7)
#140    RenderProxyBoxMixin.performLayout (package:flutter/src/rendering/proxy_box.dart:118:18)
#141    RenderObject.layout (package:flutter/src/rendering/object.dart:2923:7)
#142    RenderProxyBoxMixin.performLayout (package:flutter/src/rendering/proxy_box.dart:118:18)
#143    RenderObject.layout (package:flutter/src/rendering/object.dart:2923:7)
#144    RenderProxyBoxMixin.performLayout (package:flutter/src/rendering/proxy_box.dart:118:18)
#145    RenderObject.layout (package:flutter/src/rendering/object.dart:2923:7)
#146    RenderProxyBoxMixin.performLayout (package:flutter/src/rendering/proxy_box.dart:118:18)
#147    RenderObject.layout (package:flutter/src/rendering/object.dart:2923:7)
#148    RenderProxyBoxMixin.performLayout (package:flutter/src/rendering/proxy_box.dart:118:18)
#149    RenderObject.layout (package:flutter/src/rendering/object.dart:2923:7)
#150    RenderProxyBoxMixin.performLayout (package:flutter/src/rendering/proxy_box.dart:118:18)
#151    RenderObject.layout (package:flutter/src/rendering/object.dart:2923:7)
#152    RenderProxyBoxMixin.performLayout (package:flutter/src/rendering/proxy_box.dart:118:18)
#153    RenderObject.layout (package:flutter/src/rendering/object.dart:2923:7)
#154    RenderProxyBoxMixin.performLayout (package:flutter/src/rendering/proxy_box.dart:118:18)
#155    RenderOffstage.performLayout (package:flutter/src/rendering/proxy_box.dart:3923:13)
#156    RenderObject.layout (package:flutter/src/rendering/object.dart:2923:7)
#157    RenderProxyBoxMixin.performLayout (package:flutter/src/rendering/proxy_box.dart:118:18)
#158    RenderObject.layout (package:flutter/src/rendering/object.dart:2923:7)
#159    _RenderTheaterMixin.layoutChild (package:flutter/src/widgets/overlay.dart:1124:13)
#160    _RenderTheater.performLayout (package:flutter/src/widgets/overlay.dart:1482:9)
#161    RenderObject.layout (package:flutter/src/rendering/object.dart:2923:7)
#162    RenderProxyBoxMixin.performLayout (package:flutter/src/rendering/proxy_box.dart:118:18)
#163    RenderObject.layout (package:flutter/src/rendering/object.dart:2923:7)
#164    RenderProxyBoxMixin.performLayout (package:flutter/src/rendering/proxy_box.dart:118:18)
#165    RenderObject.layout (package:flutter/src/rendering/object.dart:2923:7)
#166    RenderProxyBoxMixin.performLayout (package:flutter/src/rendering/proxy_box.dart:118:18)
#167    RenderObject.layout (package:flutter/src/rendering/object.dart:2923:7)
#168    RenderProxyBoxMixin.performLayout (package:flutter/src/rendering/proxy_box.dart:118:18)
#169    RenderCustomPaint.performLayout (package:flutter/src/rendering/custom_paint.dart:574:11)
#170    RenderObject.layout (package:flutter/src/rendering/object.dart:2923:7)
#171    RenderProxyBoxMixin.performLayout (package:flutter/src/rendering/proxy_box.dart:118:18)
#172    RenderObject.layout (package:flutter/src/rendering/object.dart:2923:7)
#173    RenderProxyBoxMixin.performLayout (package:flutter/src/rendering/proxy_box.dart:118:18)
#174    RenderObject.layout (package:flutter/src/rendering/object.dart:2923:7)
#175    RenderProxyBoxMixin.performLayout (package:flutter/src/rendering/proxy_box.dart:118:18)
#176    RenderObject.layout (package:flutter/src/rendering/object.dart:2923:7)
#177    RenderProxyBoxMixin.performLayout (package:flutter/src/rendering/proxy_box.dart:118:18)
#178    RenderObject.layout (package:flutter/src/rendering/object.dart:2923:7)
#179    RenderProxyBoxMixin.performLayout (package:flutter/src/rendering/proxy_box.dart:118:18)
#180    RenderObject.layout (package:flutter/src/rendering/object.dart:2923:7)
#181    RenderProxyBoxMixin.performLayout (package:flutter/src/rendering/proxy_box.dart:118:18)
#182    RenderObject.layout (package:flutter/src/rendering/object.dart:2923:7)
#183    RenderView.performLayout (package:flutter/src/rendering/view.dart:292:12)
#184    RenderObject._layoutWithoutResize (package:flutter/src/rendering/object.dart:2771:7)
#185    PipelineOwner.flushLayout (package:flutter/src/rendering/object.dart:1174:18)
#186    PipelineOwner.flushLayout (package:flutter/src/rendering/object.dart:1187:15)
#187    AutomatedTestWidgetsFlutterBinding.drawFrame (package:flutter_test/src/binding.dart:2434:27)
#188    RendererBinding._handlePersistentFrameCallback (package:flutter/src/rendering/binding.dart:558:5)
#189    SchedulerBinding._invokeFrameCallback (package:flutter/src/scheduler/binding.dart:1430:15)
#190    SchedulerBinding.handleDrawFrame (package:flutter/src/scheduler/binding.dart:1345:9)
#191    AutomatedTestWidgetsFlutterBinding.pump.<anonymous closure> (package:flutter_test/src/binding.dart:2261:9)
#194    TestAsyncUtils.guard (package:flutter_test/src/test_async_utils.dart:74:41)
#195    AutomatedTestWidgetsFlutterBinding.pump (package:flutter_test/src/binding.dart:2250:27)
#196    WidgetTester.pumpWidget.<anonymous closure> (package:flutter_test/src/widget_tester.dart:598:22)
#199    TestAsyncUtils.guard (package:flutter_test/src/test_async_utils.dart:74:41)
#200    WidgetTester.pumpWidget (package:flutter_test/src/widget_tester.dart:595:27)
#201    main.<anonymous closure> (file:///C:/Users/ADMIN/Desktop/CocEnglish/apps/mobile/test/status_feed_ui_test.dart:113:22)
#202    testWidgets.<anonymous closure>.<anonymous closure> (package:flutter_test/src/widget_tester.dart:192:29)
<asynchronous suspension>
#203    TestWidgetsFlutterBinding._runTestBody (package:flutter_test/src/binding.dart:1953:5)
<asynchronous suspension>
<asynchronous suspension>
(elided 5 frames from dart:async and package:stack_trace)
════════════════════════════════════════════════════════════════════════════════════════════════════
══╡ EXCEPTION CAUGHT BY REFERENCE ILLUSTRATION ╞════════════════════════════════════════════════════
The following assertion was thrown:
Unable to load asset: "assets/reference_art/feed-learning.png".
The asset does not exist or has empty data.

When the exception was thrown, this was the stack:
#0      PlatformAssetBundle.load (package:flutter/src/services/asset_bundle.dart:340:7)
#1      PlatformAssetBundle.loadBuffer (package:flutter/src/services/asset_bundle.dart:367:36)
#2      AssetBundleImageProvider._loadAsync (package:flutter/src/painting/image_provider.dart:787:33)
#3      AssetBundleImageProvider.loadImage (package:flutter/src/painting/image_provider.dart:747:14)
#4      ImageProvider.resolveStreamForKey.<anonymous closure> (package:flutter/src/painting/image_provider.dart:550:39)
#5      ImageCache.putIfAbsent (package:flutter/src/painting/image_cache.dart:368:22)
#6      ImageProvider.resolveStreamForKey (package:flutter/src/painting/image_provider.dart:547:81)
#7      ImageProvider.resolve.<anonymous closure> (package:flutter/src/painting/image_provider.dart:383:9)
#8      ImageProvider._createErrorHandlerAndKey.<anonymous closure> (package:flutter/src/painting/image_provider.dart:503:28)
#9      SynchronousFuture.then (package:flutter/src/foundation/synchronous_future.dart:44:27)
#10     ImageProvider._createErrorHandlerAndKey (package:flutter/src/painting/image_provider.dart:500:10)
#11     ImageProvider.resolve (package:flutter/src/painting/image_provider.dart:380:5)
#12     _ReferenceArtState._resolve (package:cocenglish/core/design/reference_art.dart:163:10)
#13     _ReferenceArtState.didChangeDependencies (package:cocenglish/core/design/reference_art.dart:152:5)
#14     StatefulElement._firstBuild (package:flutter/src/widgets/framework.dart:5981:11)
#15     ComponentElement.mount (package:flutter/src/widgets/framework.dart:5806:5)
...     Normal element mounting (24 frames)
#39     Element.inflateWidget (package:flutter/src/widgets/framework.dart:4600:20)
#40     Element.updateChild (package:flutter/src/widgets/framework.dart:4072:18)
#41     SlottedRenderObjectElement._updateChildren (package:flutter/src/widgets/slotted_render_object_widget.dart:317:33)
#42     SlottedRenderObjectElement.mount (package:flutter/src/widgets/slotted_render_object_widget.dart:263:5)
...     Normal element mounting (186 frames)
#228    Element.inflateWidget (package:flutter/src/widgets/framework.dart:4600:20)
#229    Element.updateChild (package:flutter/src/widgets/framework.dart:4072:18)
#230    SliverMultiBoxAdaptorElement.updateChild (package:flutter/src/widgets/sliver.dart:1092:37)
#231    SliverMultiBoxAdaptorElement.createChild.<anonymous closure> (package:flutter/src/widgets/sliver.dart:1077:20)
#232    BuildOwner.buildScope (package:flutter/src/widgets/framework.dart:3114:19)
#233    SliverMultiBoxAdaptorElement.createChild (package:flutter/src/widgets/sliver.dart:1067:12)
#234    RenderSliverMultiBoxAdaptor._createOrObtainChild.<anonymous closure> (package:flutter/src/rendering/sliver_multi_box_adaptor.dart:368:23)
#235    RenderObject.invokeLayoutCallback.<anonymous closure> (package:flutter/src/rendering/object.dart:3042:17)
#236    PipelineOwner._enableMutationsToDirtySubtrees (package:flutter/src/rendering/object.dart:1223:15)
#237    RenderObject.invokeLayoutCallback (package:flutter/src/rendering/object.dart:3041:14)
#238    RenderSliverMultiBoxAdaptor._createOrObtainChild (package:flutter/src/rendering/sliver_multi_box_adaptor.dart:357:5)
#239    RenderSliverMultiBoxAdaptor.insertAndLayoutChild (package:flutter/src/rendering/sliver_multi_box_adaptor.dart:517:5)
#240    RenderSliverList.performLayout.advance (package:flutter/src/rendering/sliver_list.dart:238:19)
#241    RenderSliverList.performLayout (package:flutter/src/rendering/sliver_list.dart:278:12)
#242    RenderObject.layout (package:flutter/src/rendering/object.dart:2923:7)
#243    RenderSliverEdgeInsetsPadding.performLayout (package:flutter/src/rendering/sliver_padding.dart:133:12)
#244    RenderSliverPadding.performLayout (package:flutter/src/rendering/sliver_padding.dart:368:11)
#245    RenderObject.layout (package:flutter/src/rendering/object.dart:2923:7)
#246    RenderViewportBase.layoutChildSequence (package:flutter/src/rendering/viewport.dart:821:13)
#247    RenderViewport._attemptLayout (package:flutter/src/rendering/viewport.dart:1831:12)
#248    RenderViewport.performLayout (package:flutter/src/rendering/viewport.dart:1724:20)
#249    RenderObject.layout (package:flutter/src/rendering/object.dart:2923:7)
#250    RenderProxyBoxMixin.performLayout (package:flutter/src/rendering/proxy_box.dart:118:18)
#251    RenderObject.layout (package:flutter/src/rendering/object.dart:2923:7)
#252    RenderProxyBoxMixin.performLayout (package:flutter/src/rendering/proxy_box.dart:118:18)
#253    RenderObject.layout (package:flutter/src/rendering/object.dart:2923:7)
#254    RenderProxyBoxMixin.performLayout (package:flutter/src/rendering/proxy_box.dart:118:18)
#255    RenderObject.layout (package:flutter/src/rendering/object.dart:2923:7)
#256    RenderProxyBoxMixin.performLayout (package:flutter/src/rendering/proxy_box.dart:118:18)
#257    RenderObject.layout (package:flutter/src/rendering/object.dart:2923:7)
#258    RenderProxyBoxMixin.performLayout (package:flutter/src/rendering/proxy_box.dart:118:18)
#259    RenderObject.layout (package:flutter/src/rendering/object.dart:2923:7)
#260    RenderProxyBoxMixin.performLayout (package:flutter/src/rendering/proxy_box.dart:118:18)
#261    RenderObject.layout (package:flutter/src/rendering/object.dart:2923:7)
#262    RenderProxyBoxMixin.performLayout (package:flutter/src/rendering/proxy_box.dart:118:18)
#263    RenderObject.layout (package:flutter/src/rendering/object.dart:2923:7)
#264    RenderProxyBoxMixin.performLayout (package:flutter/src/rendering/proxy_box.dart:118:18)
#265    _RenderCustomClip.performLayout (package:flutter/src/rendering/proxy_box.dart:1549:11)
#266    RenderObject.layout (package:flutter/src/rendering/object.dart:2923:7)
#267    ChildLayoutHelper.layoutChild (package:flutter/src/rendering/layout_helper.dart:62:11)
#268    RenderFlex._computeSizes (package:flutter/src/rendering/flex.dart:1275:26)
#269    RenderFlex.performLayout (package:flutter/src/rendering/flex.dart:1329:32)
#270    RenderObject.layout (package:flutter/src/rendering/object.dart:2923:7)
#271    ChildLayoutHelper.layoutChild (package:flutter/src/rendering/layout_helper.dart:62:11)
#272    RenderFlex._computeSizes (package:flutter/src/rendering/flex.dart:1275:26)
#273    RenderFlex.performLayout (package:flutter/src/rendering/flex.dart:1329:32)
#274    RenderObject.layout (package:flutter/src/rendering/object.dart:2923:7)
#275    RenderPadding.performLayout (package:flutter/src/rendering/shifted_box.dart:262:12)
#276    RenderObject.layout (package:flutter/src/rendering/object.dart:2923:7)
#277    MultiChildLayoutDelegate.layoutChild (package:flutter/src/rendering/custom_layout.dart:180:12)
#278    _ScaffoldLayout.performLayout (package:flutter/src/material/scaffold.dart:1113:7)
#279    MultiChildLayoutDelegate._callPerformLayout (package:flutter/src/rendering/custom_layout.dart:246:7)
#280    RenderCustomMultiChildLayoutBox.performLayout (package:flutter/src/rendering/custom_layout.dart:417:14)
#281    RenderObject.layout (package:flutter/src/rendering/object.dart:2923:7)
#282    RenderProxyBoxMixin.performLayout (package:flutter/src/rendering/proxy_box.dart:118:18)
#283    RenderObject.layout (package:flutter/src/rendering/object.dart:2923:7)
#284    RenderProxyBoxMixin.performLayout (package:flutter/src/rendering/proxy_box.dart:118:18)
#285    _RenderCustomClip.performLayout (package:flutter/src/rendering/proxy_box.dart:1549:11)
#286    RenderObject.layout (package:flutter/src/rendering/object.dart:2923:7)
#287    MultiChildLayoutDelegate.layoutChild (package:flutter/src/rendering/custom_layout.dart:180:12)
#288    _ScaffoldLayout.performLayout (package:flutter/src/material/scaffold.dart:1113:7)
#289    MultiChildLayoutDelegate._callPerformLayout (package:flutter/src/rendering/custom_layout.dart:246:7)
#290    RenderCustomMultiChildLayoutBox.performLayout (package:flutter/src/rendering/custom_layout.dart:417:14)
#291    RenderObject.layout (package:flutter/src/rendering/object.dart:2923:7)
#292    RenderProxyBoxMixin.performLayout (package:flutter/src/rendering/proxy_box.dart:118:18)
#293    RenderObject.layout (package:flutter/src/rendering/object.dart:2923:7)
#294    RenderProxyBoxMixin.performLayout (package:flutter/src/rendering/proxy_box.dart:118:18)
#295    _RenderCustomClip.performLayout (package:flutter/src/rendering/proxy_box.dart:1549:11)
#296    RenderObject.layout (package:flutter/src/rendering/object.dart:2923:7)
#297    RenderProxyBoxMixin.performLayout (package:flutter/src/rendering/proxy_box.dart:118:18)
#298    RenderObject.layout (package:flutter/src/rendering/object.dart:2923:7)
#299    RenderProxyBoxMixin.performLayout (package:flutter/src/rendering/proxy_box.dart:118:18)
#300    RenderObject.layout (package:flutter/src/rendering/object.dart:2923:7)
#301    RenderProxyBoxMixin.performLayout (package:flutter/src/rendering/proxy_box.dart:118:18)
#302    RenderObject.layout (package:flutter/src/rendering/object.dart:2923:7)
#303    RenderProxyBoxMixin.performLayout (package:flutter/src/rendering/proxy_box.dart:118:18)
#304    RenderObject.layout (package:flutter/src/rendering/object.dart:2923:7)
#305    RenderProxyBoxMixin.performLayout (package:flutter/src/rendering/proxy_box.dart:118:18)
#306    RenderObject.layout (package:flutter/src/rendering/object.dart:2923:7)
#307    RenderProxyBoxMixin.performLayout (package:flutter/src/rendering/proxy_box.dart:118:18)
#308    RenderObject.layout (package:flutter/src/rendering/object.dart:2923:7)
#309    RenderProxyBoxMixin.performLayout (package:flutter/src/rendering/proxy_box.dart:118:18)
#310    RenderObject.layout (package:flutter/src/rendering/object.dart:2923:7)
#311    RenderProxyBoxMixin.performLayout (package:flutter/src/rendering/proxy_box.dart:118:18)
#312    RenderObject.layout (package:flutter/src/rendering/object.dart:2923:7)
#313    RenderProxyBoxMixin.performLayout (package:flutter/src/rendering/proxy_box.dart:118:18)
#314    RenderObject.layout (package:flutter/src/rendering/object.dart:2923:7)
#315    RenderProxyBoxMixin.performLayout (package:flutter/src/rendering/proxy_box.dart:118:18)
#316    RenderObject.layout (package:flutter/src/rendering/object.dart:2923:7)
#317    RenderProxyBoxMixin.performLayout (package:flutter/src/rendering/proxy_box.dart:118:18)
#318    RenderObject.layout (package:flutter/src/rendering/object.dart:2923:7)
#319    RenderProxyBoxMixin.performLayout (package:flutter/src/rendering/proxy_box.dart:118:18)
#320    RenderObject.layout (package:flutter/src/rendering/object.dart:2923:7)
#321    RenderProxyBoxMixin.performLayout (package:flutter/src/rendering/proxy_box.dart:118:18)
#322    RenderObject.layout (package:flutter/src/rendering/object.dart:2923:7)
#323    RenderProxyBoxMixin.performLayout (package:flutter/src/rendering/proxy_box.dart:118:18)
#324    RenderObject.layout (package:flutter/src/rendering/object.dart:2923:7)
#325    RenderProxyBoxMixin.performLayout (package:flutter/src/rendering/proxy_box.dart:118:18)
#326    RenderObject.layout (package:flutter/src/rendering/object.dart:2923:7)
#327    RenderProxyBoxMixin.performLayout (package:flutter/src/rendering/proxy_box.dart:118:18)
#328    RenderOffstage.performLayout (package:flutter/src/rendering/proxy_box.dart:3923:13)
#329    RenderObject.layout (package:flutter/src/rendering/object.dart:2923:7)
#330    RenderProxyBoxMixin.performLayout (package:flutter/src/rendering/proxy_box.dart:118:18)
#331    RenderObject.layout (package:flutter/src/rendering/object.dart:2923:7)
#332    _RenderTheaterMixin.layoutChild (package:flutter/src/widgets/overlay.dart:1124:13)
#333    _RenderTheater.performLayout (package:flutter/src/widgets/overlay.dart:1482:9)
#334    RenderObject.layout (package:flutter/src/rendering/object.dart:2923:7)
#335    RenderProxyBoxMixin.performLayout (package:flutter/src/rendering/proxy_box.dart:118:18)
#336    RenderObject.layout (package:flutter/src/rendering/object.dart:2923:7)
#337    RenderProxyBoxMixin.performLayout (package:flutter/src/rendering/proxy_box.dart:118:18)
#338    RenderObject.layout (package:flutter/src/rendering/object.dart:2923:7)
#339    RenderProxyBoxMixin.performLayout (package:flutter/src/rendering/proxy_box.dart:118:18)
#340    RenderObject.layout (package:flutter/src/rendering/object.dart:2923:7)
#341    RenderProxyBoxMixin.performLayout (package:flutter/src/rendering/proxy_box.dart:118:18)
#342    RenderCustomPaint.performLayout (package:flutter/src/rendering/custom_paint.dart:574:11)
#343    RenderObject.layout (package:flutter/src/rendering/object.dart:2923:7)
#344    RenderProxyBoxMixin.performLayout (package:flutter/src/rendering/proxy_box.dart:118:18)
#345    RenderObject.layout (package:flutter/src/rendering/object.dart:2923:7)
#346    RenderProxyBoxMixin.performLayout (package:flutter/src/rendering/proxy_box.dart:118:18)
#347    RenderObject.layout (package:flutter/src/rendering/object.dart:2923:7)
#348    RenderProxyBoxMixin.performLayout (package:flutter/src/rendering/proxy_box.dart:118:18)
#349    RenderObject.layout (package:flutter/src/rendering/object.dart:2923:7)
#350    RenderProxyBoxMixin.performLayout (package:flutter/src/rendering/proxy_box.dart:118:18)
#351    RenderObject.layout (package:flutter/src/rendering/object.dart:2923:7)
#352    RenderProxyBoxMixin.performLayout (package:flutter/src/rendering/proxy_box.dart:118:18)
#353    RenderObject.layout (package:flutter/src/rendering/object.dart:2923:7)
#354    RenderProxyBoxMixin.performLayout (package:flutter/src/rendering/proxy_box.dart:118:18)
#355    RenderObject.layout (package:flutter/src/rendering/object.dart:2923:7)
#356    RenderView.performLayout (package:flutter/src/rendering/view.dart:292:12)
#357    RenderObject._layoutWithoutResize (package:flutter/src/rendering/object.dart:2771:7)
#358    PipelineOwner.flushLayout (package:flutter/src/rendering/object.dart:1174:18)
#359    PipelineOwner.flushLayout (package:flutter/src/rendering/object.dart:1187:15)
#360    AutomatedTestWidgetsFlutterBinding.drawFrame (package:flutter_test/src/binding.dart:2434:27)
#361    RendererBinding._handlePersistentFrameCallback (package:flutter/src/rendering/binding.dart:558:5)
#362    SchedulerBinding._invokeFrameCallback (package:flutter/src/scheduler/binding.dart:1430:15)
#363    SchedulerBinding.handleDrawFrame (package:flutter/src/scheduler/binding.dart:1345:9)
#364    AutomatedTestWidgetsFlutterBinding.pump.<anonymous closure> (package:flutter_test/src/binding.dart:2261:9)
#367    TestAsyncUtils.guard (package:flutter_test/src/test_async_utils.dart:74:41)
#368    AutomatedTestWidgetsFlutterBinding.pump (package:flutter_test/src/binding.dart:2250:27)
#369    WidgetTester.pumpWidget.<anonymous closure> (package:flutter_test/src/widget_tester.dart:598:22)
#372    TestAsyncUtils.guard (package:flutter_test/src/test_async_utils.dart:74:41)
#373    WidgetTester.pumpWidget (package:flutter_test/src/widget_tester.dart:595:27)
#374    main.<anonymous closure> (file:///C:/Users/ADMIN/Desktop/CocEnglish/apps/mobile/test/status_feed_ui_test.dart:113:22)
#375    testWidgets.<anonymous closure>.<anonymous closure> (package:flutter_test/src/widget_tester.dart:192:29)
<asynchronous suspension>
#376    TestWidgetsFlutterBinding._runTestBody (package:flutter_test/src/binding.dart:1953:5)
<asynchronous suspension>
<asynchronous suspension>
(elided 5 frames from dart:async and package:stack_trace)
════════════════════════════════════════════════════════════════════════════════════════════════════
══╡ EXCEPTION CAUGHT BY FLUTTER TEST FRAMEWORK ╞════════════════════════════════════════════════════
The following TestFailure was thrown running a test:
Expected: null
  Actual: 'Multiple exceptions (2) were detected during the running of the current test, and at
least one was unexpected.'

When the exception was thrown, this was the stack:
#4      main.<anonymous closure> (file:///C:/Users/ADMIN/Desktop/CocEnglish/apps/mobile/test/status_feed_ui_test.dart:119:9)
<asynchronous suspension>
#5      testWidgets.<anonymous closure>.<anonymous closure> (package:flutter_test/src/widget_tester.dart:192:15)
<asynchronous suspension>
#6      TestWidgetsFlutterBinding._runTestBody (package:flutter_test/src/binding.dart:1953:5)
<asynchronous suspension>
<asynchronous suspension>
(elided one frame from package:stack_trace)

This was caught by the test expectation on the following line:
  file:///C:/Users/ADMIN/Desktop/CocEnglish/apps/mobile/test/status_feed_ui_test.dart line 119
The test description was:
  feed and actual status modal width360.0 text2.0
════════════════════════════════════════════════════════════════════════════════════════════════════
00:10 +0 -5: feed and actual status modal width360.0 text2.0 [E]
  Test failed. See exception logs above.
  The test description was: feed and actual status modal width360.0 text2.0
  
00:10 +0 -5: feed and actual status modal width430.0 text1.0
══╡ EXCEPTION CAUGHT BY REFERENCE ILLUSTRATION ╞════════════════════════════════════════════════════
The following assertion was thrown:
Unable to load asset: "assets/reference_art/feed-suggestions.png".
The asset does not exist or has empty data.

When the exception was thrown, this was the stack:
#0      PlatformAssetBundle.load (package:flutter/src/services/asset_bundle.dart:340:7)
#1      PlatformAssetBundle.loadBuffer (package:flutter/src/services/asset_bundle.dart:367:36)
#2      AssetBundleImageProvider._loadAsync (package:flutter/src/painting/image_provider.dart:787:33)
#3      AssetBundleImageProvider.loadImage (package:flutter/src/painting/image_provider.dart:747:14)
#4      ImageProvider.resolveStreamForKey.<anonymous closure> (package:flutter/src/painting/image_provider.dart:550:39)
#5      ImageCache.putIfAbsent (package:flutter/src/painting/image_cache.dart:368:22)
#6      ImageProvider.resolveStreamForKey (package:flutter/src/painting/image_provider.dart:547:81)
#7      ImageProvider.resolve.<anonymous closure> (package:flutter/src/painting/image_provider.dart:383:9)
#8      ImageProvider._createErrorHandlerAndKey.<anonymous closure> (package:flutter/src/painting/image_provider.dart:503:28)
#9      SynchronousFuture.then (package:flutter/src/foundation/synchronous_future.dart:44:27)
#10     ImageProvider._createErrorHandlerAndKey (package:flutter/src/painting/image_provider.dart:500:10)
#11     ImageProvider.resolve (package:flutter/src/painting/image_provider.dart:380:5)
#12     _ReferenceArtState._resolve (package:cocenglish/core/design/reference_art.dart:163:10)
#13     _ReferenceArtState.didChangeDependencies (package:cocenglish/core/design/reference_art.dart:152:5)
#14     StatefulElement._firstBuild (package:flutter/src/widgets/framework.dart:5981:11)
#15     ComponentElement.mount (package:flutter/src/widgets/framework.dart:5806:5)
...     Normal element mounting (41 frames)
#56     Element.inflateWidget (package:flutter/src/widgets/framework.dart:4600:20)
#57     Element.updateChild (package:flutter/src/widgets/framework.dart:4072:18)
#58     SliverMultiBoxAdaptorElement.updateChild (package:flutter/src/widgets/sliver.dart:1092:37)
#59     SliverMultiBoxAdaptorElement.createChild.<anonymous closure> (package:flutter/src/widgets/sliver.dart:1077:20)
#60     BuildOwner.buildScope (package:flutter/src/widgets/framework.dart:3114:19)
#61     SliverMultiBoxAdaptorElement.createChild (package:flutter/src/widgets/sliver.dart:1067:12)
#62     RenderSliverMultiBoxAdaptor._createOrObtainChild.<anonymous closure> (package:flutter/src/rendering/sliver_multi_box_adaptor.dart:368:23)
#63     RenderObject.invokeLayoutCallback.<anonymous closure> (package:flutter/src/rendering/object.dart:3042:17)
#64     PipelineOwner._enableMutationsToDirtySubtrees (package:flutter/src/rendering/object.dart:1223:15)
#65     RenderObject.invokeLayoutCallback (package:flutter/src/rendering/object.dart:3041:14)
#66     RenderSliverMultiBoxAdaptor._createOrObtainChild (package:flutter/src/rendering/sliver_multi_box_adaptor.dart:357:5)
#67     RenderSliverMultiBoxAdaptor.addInitialChild (package:flutter/src/rendering/sliver_multi_box_adaptor.dart:455:5)
#68     RenderSliverList.performLayout (package:flutter/src/rendering/sliver_list.dart:79:12)
#69     RenderObject.layout (package:flutter/src/rendering/object.dart:2923:7)
#70     RenderSliverEdgeInsetsPadding.performLayout (package:flutter/src/rendering/sliver_padding.dart:133:12)
#71     RenderSliverPadding.performLayout (package:flutter/src/rendering/sliver_padding.dart:368:11)
#72     RenderObject.layout (package:flutter/src/rendering/object.dart:2923:7)
#73     RenderViewportBase.layoutChildSequence (package:flutter/src/rendering/viewport.dart:821:13)
#74     RenderViewport._attemptLayout (package:flutter/src/rendering/viewport.dart:1831:12)
#75     RenderViewport.performLayout (package:flutter/src/rendering/viewport.dart:1724:20)
#76     RenderObject.layout (package:flutter/src/rendering/object.dart:2923:7)
#77     RenderProxyBoxMixin.performLayout (package:flutter/src/rendering/proxy_box.dart:118:18)
#78     RenderObject.layout (package:flutter/src/rendering/object.dart:2923:7)
#79     RenderProxyBoxMixin.performLayout (package:flutter/src/rendering/proxy_box.dart:118:18)
#80     RenderObject.layout (package:flutter/src/rendering/object.dart:2923:7)
#81     RenderProxyBoxMixin.performLayout (package:flutter/src/rendering/proxy_box.dart:118:18)
#82     RenderObject.layout (package:flutter/src/rendering/object.dart:2923:7)
#83     RenderProxyBoxMixin.performLayout (package:flutter/src/rendering/proxy_box.dart:118:18)
#84     RenderObject.layout (package:flutter/src/rendering/object.dart:2923:7)
#85     RenderProxyBoxMixin.performLayout (package:flutter/src/rendering/proxy_box.dart:118:18)
#86     RenderObject.layout (package:flutter/src/rendering/object.dart:2923:7)
#87     RenderProxyBoxMixin.performLayout (package:flutter/src/rendering/proxy_box.dart:118:18)
#88     RenderObject.layout (package:flutter/src/rendering/object.dart:2923:7)
#89     RenderProxyBoxMixin.performLayout (package:flutter/src/rendering/proxy_box.dart:118:18)
#90     RenderObject.layout (package:flutter/src/rendering/object.dart:2923:7)
#91     RenderProxyBoxMixin.performLayout (package:flutter/src/rendering/proxy_box.dart:118:18)
#92     _RenderCustomClip.performLayout (package:flutter/src/rendering/proxy_box.dart:1549:11)
#93     RenderObject.layout (package:flutter/src/rendering/object.dart:2923:7)
#94     ChildLayoutHelper.layoutChild (package:flutter/src/rendering/layout_helper.dart:62:11)
#95     RenderFlex._computeSizes (package:flutter/src/rendering/flex.dart:1275:26)
#96     RenderFlex.performLayout (package:flutter/src/rendering/flex.dart:1329:32)
#97     RenderObject.layout (package:flutter/src/rendering/object.dart:2923:7)
#98     ChildLayoutHelper.layoutChild (package:flutter/src/rendering/layout_helper.dart:62:11)
#99     RenderFlex._computeSizes (package:flutter/src/rendering/flex.dart:1275:26)
#100    RenderFlex.performLayout (package:flutter/src/rendering/flex.dart:1329:32)
#101    RenderObject.layout (package:flutter/src/rendering/object.dart:2923:7)
#102    RenderPadding.performLayout (package:flutter/src/rendering/shifted_box.dart:262:12)
#103    RenderObject.layout (package:flutter/src/rendering/object.dart:2923:7)
#104    MultiChildLayoutDelegate.layoutChild (package:flutter/src/rendering/custom_layout.dart:180:12)
#105    _ScaffoldLayout.performLayout (package:flutter/src/material/scaffold.dart:1113:7)
#106    MultiChildLayoutDelegate._callPerformLayout (package:flutter/src/rendering/custom_layout.dart:246:7)
#107    RenderCustomMultiChildLayoutBox.performLayout (package:flutter/src/rendering/custom_layout.dart:417:14)
#108    RenderObject.layout (package:flutter/src/rendering/object.dart:2923:7)
#109    RenderProxyBoxMixin.performLayout (package:flutter/src/rendering/proxy_box.dart:118:18)
#110    RenderObject.layout (package:flutter/src/rendering/object.dart:2923:7)
#111    RenderProxyBoxMixin.performLayout (package:flutter/src/rendering/proxy_box.dart:118:18)
#112    _RenderCustomClip.performLayout (package:flutter/src/rendering/proxy_box.dart:1549:11)
#113    RenderObject.layout (package:flutter/src/rendering/object.dart:2923:7)
#114    MultiChildLayoutDelegate.layoutChild (package:flutter/src/rendering/custom_layout.dart:180:12)
#115    _ScaffoldLayout.performLayout (package:flutter/src/material/scaffold.dart:1113:7)
#116    MultiChildLayoutDelegate._callPerformLayout (package:flutter/src/rendering/custom_layout.dart:246:7)
#117    RenderCustomMultiChildLayoutBox.performLayout (package:flutter/src/rendering/custom_layout.dart:417:14)
#118    RenderObject.layout (package:flutter/src/rendering/object.dart:2923:7)
#119    RenderProxyBoxMixin.performLayout (package:flutter/src/rendering/proxy_box.dart:118:18)
#120    RenderObject.layout (package:flutter/src/rendering/object.dart:2923:7)
#121    RenderProxyBoxMixin.performLayout (package:flutter/src/rendering/proxy_box.dart:118:18)
#122    _RenderCustomClip.performLayout (package:flutter/src/rendering/proxy_box.dart:1549:11)
#123    RenderObject.layout (package:flutter/src/rendering/object.dart:2923:7)
#124    RenderProxyBoxMixin.performLayout (package:flutter/src/rendering/proxy_box.dart:118:18)
#125    RenderObject.layout (package:flutter/src/rendering/object.dart:2923:7)
#126    RenderProxyBoxMixin.performLayout (package:flutter/src/rendering/proxy_box.dart:118:18)
#127    RenderObject.layout (package:flutter/src/rendering/object.dart:2923:7)
#128    RenderProxyBoxMixin.performLayout (package:flutter/src/rendering/proxy_box.dart:118:18)
#129    RenderObject.layout (package:flutter/src/rendering/object.dart:2923:7)
#130    RenderProxyBoxMixin.performLayout (package:flutter/src/rendering/proxy_box.dart:118:18)
#131    RenderObject.layout (package:flutter/src/rendering/object.dart:2923:7)
#132    RenderProxyBoxMixin.performLayout (package:flutter/src/rendering/proxy_box.dart:118:18)
#133    RenderObject.layout (package:flutter/src/rendering/object.dart:2923:7)
#134    RenderProxyBoxMixin.performLayout (package:flutter/src/rendering/proxy_box.dart:118:18)
#135    RenderObject.layout (package:flutter/src/rendering/object.dart:2923:7)
#136    RenderProxyBoxMixin.performLayout (package:flutter/src/rendering/proxy_box.dart:118:18)
#137    RenderObject.layout (package:flutter/src/rendering/object.dart:2923:7)
#138    RenderProxyBoxMixin.performLayout (package:flutter/src/rendering/proxy_box.dart:118:18)
#139    RenderObject.layout (package:flutter/src/rendering/object.dart:2923:7)
#140    RenderProxyBoxMixin.performLayout (package:flutter/src/rendering/proxy_box.dart:118:18)
#141    RenderObject.layout (package:flutter/src/rendering/object.dart:2923:7)
#142    RenderProxyBoxMixin.performLayout (package:flutter/src/rendering/proxy_box.dart:118:18)
#143    RenderObject.layout (package:flutter/src/rendering/object.dart:2923:7)
#144    RenderProxyBoxMixin.performLayout (package:flutter/src/rendering/proxy_box.dart:118:18)
#145    RenderObject.layout (package:flutter/src/rendering/object.dart:2923:7)
#146    RenderProxyBoxMixin.performLayout (package:flutter/src/rendering/proxy_box.dart:118:18)
#147    RenderObject.layout (package:flutter/src/rendering/object.dart:2923:7)
#148    RenderProxyBoxMixin.performLayout (package:flutter/src/rendering/proxy_box.dart:118:18)
#149    RenderObject.layout (package:flutter/src/rendering/object.dart:2923:7)
#150    RenderProxyBoxMixin.performLayout (package:flutter/src/rendering/proxy_box.dart:118:18)
#151    RenderObject.layout (package:flutter/src/rendering/object.dart:2923:7)
#152    RenderProxyBoxMixin.performLayout (package:flutter/src/rendering/proxy_box.dart:118:18)
#153    RenderObject.layout (package:flutter/src/rendering/object.dart:2923:7)
#154    RenderProxyBoxMixin.performLayout (package:flutter/src/rendering/proxy_box.dart:118:18)
#155    RenderOffstage.performLayout (package:flutter/src/rendering/proxy_box.dart:3923:13)
#156    RenderObject.layout (package:flutter/src/rendering/object.dart:2923:7)
#157    RenderProxyBoxMixin.performLayout (package:flutter/src/rendering/proxy_box.dart:118:18)
#158    RenderObject.layout (package:flutter/src/rendering/object.dart:2923:7)
#159    _RenderTheaterMixin.layoutChild (package:flutter/src/widgets/overlay.dart:1124:13)
#160    _RenderTheater.performLayout (package:flutter/src/widgets/overlay.dart:1482:9)
#161    RenderObject.layout (package:flutter/src/rendering/object.dart:2923:7)
#162    RenderProxyBoxMixin.performLayout (package:flutter/src/rendering/proxy_box.dart:118:18)
#163    RenderObject.layout (package:flutter/src/rendering/object.dart:2923:7)
#164    RenderProxyBoxMixin.performLayout (package:flutter/src/rendering/proxy_box.dart:118:18)
#165    RenderObject.layout (package:flutter/src/rendering/object.dart:2923:7)
#166    RenderProxyBoxMixin.performLayout (package:flutter/src/rendering/proxy_box.dart:118:18)
#167    RenderObject.layout (package:flutter/src/rendering/object.dart:2923:7)
#168    RenderProxyBoxMixin.performLayout (package:flutter/src/rendering/proxy_box.dart:118:18)
#169    RenderCustomPaint.performLayout (package:flutter/src/rendering/custom_paint.dart:574:11)
#170    RenderObject.layout (package:flutter/src/rendering/object.dart:2923:7)
#171    RenderProxyBoxMixin.performLayout (package:flutter/src/rendering/proxy_box.dart:118:18)
#172    RenderObject.layout (package:flutter/src/rendering/object.dart:2923:7)
#173    RenderProxyBoxMixin.performLayout (package:flutter/src/rendering/proxy_box.dart:118:18)
#174    RenderObject.layout (package:flutter/src/rendering/object.dart:2923:7)
#175    RenderProxyBoxMixin.performLayout (package:flutter/src/rendering/proxy_box.dart:118:18)
#176    RenderObject.layout (package:flutter/src/rendering/object.dart:2923:7)
#177    RenderProxyBoxMixin.performLayout (package:flutter/src/rendering/proxy_box.dart:118:18)
#178    RenderObject.layout (package:flutter/src/rendering/object.dart:2923:7)
#179    RenderProxyBoxMixin.performLayout (package:flutter/src/rendering/proxy_box.dart:118:18)
#180    RenderObject.layout (package:flutter/src/rendering/object.dart:2923:7)
#181    RenderProxyBoxMixin.performLayout (package:flutter/src/rendering/proxy_box.dart:118:18)
#182    RenderObject.layout (package:flutter/src/rendering/object.dart:2923:7)
#183    RenderView.performLayout (package:flutter/src/rendering/view.dart:292:12)
#184    RenderObject._layoutWithoutResize (package:flutter/src/rendering/object.dart:2771:7)
#185    PipelineOwner.flushLayout (package:flutter/src/rendering/object.dart:1174:18)
#186    PipelineOwner.flushLayout (package:flutter/src/rendering/object.dart:1187:15)
#187    AutomatedTestWidgetsFlutterBinding.drawFrame (package:flutter_test/src/binding.dart:2434:27)
#188    RendererBinding._handlePersistentFrameCallback (package:flutter/src/rendering/binding.dart:558:5)
#189    SchedulerBinding._invokeFrameCallback (package:flutter/src/scheduler/binding.dart:1430:15)
#190    SchedulerBinding.handleDrawFrame (package:flutter/src/scheduler/binding.dart:1345:9)
#191    AutomatedTestWidgetsFlutterBinding.pump.<anonymous closure> (package:flutter_test/src/binding.dart:2261:9)
#194    TestAsyncUtils.guard (package:flutter_test/src/test_async_utils.dart:74:41)
#195    AutomatedTestWidgetsFlutterBinding.pump (package:flutter_test/src/binding.dart:2250:27)
#196    WidgetTester.pumpWidget.<anonymous closure> (package:flutter_test/src/widget_tester.dart:598:22)
#199    TestAsyncUtils.guard (package:flutter_test/src/test_async_utils.dart:74:41)
#200    WidgetTester.pumpWidget (package:flutter_test/src/widget_tester.dart:595:27)
#201    main.<anonymous closure> (file:///C:/Users/ADMIN/Desktop/CocEnglish/apps/mobile/test/status_feed_ui_test.dart:113:22)
#202    testWidgets.<anonymous closure>.<anonymous closure> (package:flutter_test/src/widget_tester.dart:192:29)
<asynchronous suspension>
#203    TestWidgetsFlutterBinding._runTestBody (package:flutter_test/src/binding.dart:1953:5)
<asynchronous suspension>
<asynchronous suspension>
(elided 5 frames from dart:async and package:stack_trace)
════════════════════════════════════════════════════════════════════════════════════════════════════
══╡ EXCEPTION CAUGHT BY REFERENCE ILLUSTRATION ╞════════════════════════════════════════════════════
The following assertion was thrown:
Unable to load asset: "assets/reference_art/feed-learning.png".
The asset does not exist or has empty data.

When the exception was thrown, this was the stack:
#0      PlatformAssetBundle.load (package:flutter/src/services/asset_bundle.dart:340:7)
#1      PlatformAssetBundle.loadBuffer (package:flutter/src/services/asset_bundle.dart:367:36)
#2      AssetBundleImageProvider._loadAsync (package:flutter/src/painting/image_provider.dart:787:33)
#3      AssetBundleImageProvider.loadImage (package:flutter/src/painting/image_provider.dart:747:14)
#4      ImageProvider.resolveStreamForKey.<anonymous closure> (package:flutter/src/painting/image_provider.dart:550:39)
#5      ImageCache.putIfAbsent (package:flutter/src/painting/image_cache.dart:368:22)
#6      ImageProvider.resolveStreamForKey (package:flutter/src/painting/image_provider.dart:547:81)
#7      ImageProvider.resolve.<anonymous closure> (package:flutter/src/painting/image_provider.dart:383:9)
#8      ImageProvider._createErrorHandlerAndKey.<anonymous closure> (package:flutter/src/painting/image_provider.dart:503:28)
#9      SynchronousFuture.then (package:flutter/src/foundation/synchronous_future.dart:44:27)
#10     ImageProvider._createErrorHandlerAndKey (package:flutter/src/painting/image_provider.dart:500:10)
#11     ImageProvider.resolve (package:flutter/src/painting/image_provider.dart:380:5)
#12     _ReferenceArtState._resolve (package:cocenglish/core/design/reference_art.dart:163:10)
#13     _ReferenceArtState.didChangeDependencies (package:cocenglish/core/design/reference_art.dart:152:5)
#14     StatefulElement._firstBuild (package:flutter/src/widgets/framework.dart:5981:11)
#15     ComponentElement.mount (package:flutter/src/widgets/framework.dart:5806:5)
...     Normal element mounting (24 frames)
#39     Element.inflateWidget (package:flutter/src/widgets/framework.dart:4600:20)
#40     Element.updateChild (package:flutter/src/widgets/framework.dart:4072:18)
#41     SlottedRenderObjectElement._updateChildren (package:flutter/src/widgets/slotted_render_object_widget.dart:317:33)
#42     SlottedRenderObjectElement.mount (package:flutter/src/widgets/slotted_render_object_widget.dart:263:5)
...     Normal element mounting (186 frames)
#228    Element.inflateWidget (package:flutter/src/widgets/framework.dart:4600:20)
#229    Element.updateChild (package:flutter/src/widgets/framework.dart:4072:18)
#230    SliverMultiBoxAdaptorElement.updateChild (package:flutter/src/widgets/sliver.dart:1092:37)
#231    SliverMultiBoxAdaptorElement.createChild.<anonymous closure> (package:flutter/src/widgets/sliver.dart:1077:20)
#232    BuildOwner.buildScope (package:flutter/src/widgets/framework.dart:3114:19)
#233    SliverMultiBoxAdaptorElement.createChild (package:flutter/src/widgets/sliver.dart:1067:12)
#234    RenderSliverMultiBoxAdaptor._createOrObtainChild.<anonymous closure> (package:flutter/src/rendering/sliver_multi_box_adaptor.dart:368:23)
#235    RenderObject.invokeLayoutCallback.<anonymous closure> (package:flutter/src/rendering/object.dart:3042:17)
#236    PipelineOwner._enableMutationsToDirtySubtrees (package:flutter/src/rendering/object.dart:1223:15)
#237    RenderObject.invokeLayoutCallback (package:flutter/src/rendering/object.dart:3041:14)
#238    RenderSliverMultiBoxAdaptor._createOrObtainChild (package:flutter/src/rendering/sliver_multi_box_adaptor.dart:357:5)
#239    RenderSliverMultiBoxAdaptor.insertAndLayoutChild (package:flutter/src/rendering/sliver_multi_box_adaptor.dart:517:5)
#240    RenderSliverList.performLayout.advance (package:flutter/src/rendering/sliver_list.dart:238:19)
#241    RenderSliverList.performLayout (package:flutter/src/rendering/sliver_list.dart:278:12)
#242    RenderObject.layout (package:flutter/src/rendering/object.dart:2923:7)
#243    RenderSliverEdgeInsetsPadding.performLayout (package:flutter/src/rendering/sliver_padding.dart:133:12)
#244    RenderSliverPadding.performLayout (package:flutter/src/rendering/sliver_padding.dart:368:11)
#245    RenderObject.layout (package:flutter/src/rendering/object.dart:2923:7)
#246    RenderViewportBase.layoutChildSequence (package:flutter/src/rendering/viewport.dart:821:13)
#247    RenderViewport._attemptLayout (package:flutter/src/rendering/viewport.dart:1831:12)
#248    RenderViewport.performLayout (package:flutter/src/rendering/viewport.dart:1724:20)
#249    RenderObject.layout (package:flutter/src/rendering/object.dart:2923:7)
#250    RenderProxyBoxMixin.performLayout (package:flutter/src/rendering/proxy_box.dart:118:18)
#251    RenderObject.layout (package:flutter/src/rendering/object.dart:2923:7)
#252    RenderProxyBoxMixin.performLayout (package:flutter/src/rendering/proxy_box.dart:118:18)
#253    RenderObject.layout (package:flutter/src/rendering/object.dart:2923:7)
#254    RenderProxyBoxMixin.performLayout (package:flutter/src/rendering/proxy_box.dart:118:18)
#255    RenderObject.layout (package:flutter/src/rendering/object.dart:2923:7)
#256    RenderProxyBoxMixin.performLayout (package:flutter/src/rendering/proxy_box.dart:118:18)
#257    RenderObject.layout (package:flutter/src/rendering/object.dart:2923:7)
#258    RenderProxyBoxMixin.performLayout (package:flutter/src/rendering/proxy_box.dart:118:18)
#259    RenderObject.layout (package:flutter/src/rendering/object.dart:2923:7)
#260    RenderProxyBoxMixin.performLayout (package:flutter/src/rendering/proxy_box.dart:118:18)
#261    RenderObject.layout (package:flutter/src/rendering/object.dart:2923:7)
#262    RenderProxyBoxMixin.performLayout (package:flutter/src/rendering/proxy_box.dart:118:18)
#263    RenderObject.layout (package:flutter/src/rendering/object.dart:2923:7)
#264    RenderProxyBoxMixin.performLayout (package:flutter/src/rendering/proxy_box.dart:118:18)
#265    _RenderCustomClip.performLayout (package:flutter/src/rendering/proxy_box.dart:1549:11)
#266    RenderObject.layout (package:flutter/src/rendering/object.dart:2923:7)
#267    ChildLayoutHelper.layoutChild (package:flutter/src/rendering/layout_helper.dart:62:11)
#268    RenderFlex._computeSizes (package:flutter/src/rendering/flex.dart:1275:26)
#269    RenderFlex.performLayout (package:flutter/src/rendering/flex.dart:1329:32)
#270    RenderObject.layout (package:flutter/src/rendering/object.dart:2923:7)
#271    ChildLayoutHelper.layoutChild (package:flutter/src/rendering/layout_helper.dart:62:11)
#272    RenderFlex._computeSizes (package:flutter/src/rendering/flex.dart:1275:26)
#273    RenderFlex.performLayout (package:flutter/src/rendering/flex.dart:1329:32)
#274    RenderObject.layout (package:flutter/src/rendering/object.dart:2923:7)
#275    RenderPadding.performLayout (package:flutter/src/rendering/shifted_box.dart:262:12)
#276    RenderObject.layout (package:flutter/src/rendering/object.dart:2923:7)
#277    MultiChildLayoutDelegate.layoutChild (package:flutter/src/rendering/custom_layout.dart:180:12)
#278    _ScaffoldLayout.performLayout (package:flutter/src/material/scaffold.dart:1113:7)
#279    MultiChildLayoutDelegate._callPerformLayout (package:flutter/src/rendering/custom_layout.dart:246:7)
#280    RenderCustomMultiChildLayoutBox.performLayout (package:flutter/src/rendering/custom_layout.dart:417:14)
#281    RenderObject.layout (package:flutter/src/rendering/object.dart:2923:7)
#282    RenderProxyBoxMixin.performLayout (package:flutter/src/rendering/proxy_box.dart:118:18)
#283    RenderObject.layout (package:flutter/src/rendering/object.dart:2923:7)
#284    RenderProxyBoxMixin.performLayout (package:flutter/src/rendering/proxy_box.dart:118:18)
#285    _RenderCustomClip.performLayout (package:flutter/src/rendering/proxy_box.dart:1549:11)
#286    RenderObject.layout (package:flutter/src/rendering/object.dart:2923:7)
#287    MultiChildLayoutDelegate.layoutChild (package:flutter/src/rendering/custom_layout.dart:180:12)
#288    _ScaffoldLayout.performLayout (package:flutter/src/material/scaffold.dart:1113:7)
#289    MultiChildLayoutDelegate._callPerformLayout (package:flutter/src/rendering/custom_layout.dart:246:7)
#290    RenderCustomMultiChildLayoutBox.performLayout (package:flutter/src/rendering/custom_layout.dart:417:14)
#291    RenderObject.layout (package:flutter/src/rendering/object.dart:2923:7)
#292    RenderProxyBoxMixin.performLayout (package:flutter/src/rendering/proxy_box.dart:118:18)
#293    RenderObject.layout (package:flutter/src/rendering/object.dart:2923:7)
#294    RenderProxyBoxMixin.performLayout (package:flutter/src/rendering/proxy_box.dart:118:18)
#295    _RenderCustomClip.performLayout (package:flutter/src/rendering/proxy_box.dart:1549:11)
#296    RenderObject.layout (package:flutter/src/rendering/object.dart:2923:7)
#297    RenderProxyBoxMixin.performLayout (package:flutter/src/rendering/proxy_box.dart:118:18)
#298    RenderObject.layout (package:flutter/src/rendering/object.dart:2923:7)
#299    RenderProxyBoxMixin.performLayout (package:flutter/src/rendering/proxy_box.dart:118:18)
#300    RenderObject.layout (package:flutter/src/rendering/object.dart:2923:7)
#301    RenderProxyBoxMixin.performLayout (package:flutter/src/rendering/proxy_box.dart:118:18)
#302    RenderObject.layout (package:flutter/src/rendering/object.dart:2923:7)
#303    RenderProxyBoxMixin.performLayout (package:flutter/src/rendering/proxy_box.dart:118:18)
#304    RenderObject.layout (package:flutter/src/rendering/object.dart:2923:7)
#305    RenderProxyBoxMixin.performLayout (package:flutter/src/rendering/proxy_box.dart:118:18)
#306    RenderObject.layout (package:flutter/src/rendering/object.dart:2923:7)
#307    RenderProxyBoxMixin.performLayout (package:flutter/src/rendering/proxy_box.dart:118:18)
#308    RenderObject.layout (package:flutter/src/rendering/object.dart:2923:7)
#309    RenderProxyBoxMixin.performLayout (package:flutter/src/rendering/proxy_box.dart:118:18)
#310    RenderObject.layout (package:flutter/src/rendering/object.dart:2923:7)
#311    RenderProxyBoxMixin.performLayout (package:flutter/src/rendering/proxy_box.dart:118:18)
#312    RenderObject.layout (package:flutter/src/rendering/object.dart:2923:7)
#313    RenderProxyBoxMixin.performLayout (package:flutter/src/rendering/proxy_box.dart:118:18)
#314    RenderObject.layout (package:flutter/src/rendering/object.dart:2923:7)
#315    RenderProxyBoxMixin.performLayout (package:flutter/src/rendering/proxy_box.dart:118:18)
#316    RenderObject.layout (package:flutter/src/rendering/object.dart:2923:7)
#317    RenderProxyBoxMixin.performLayout (package:flutter/src/rendering/proxy_box.dart:118:18)
#318    RenderObject.layout (package:flutter/src/rendering/object.dart:2923:7)
#319    RenderProxyBoxMixin.performLayout (package:flutter/src/rendering/proxy_box.dart:118:18)
#320    RenderObject.layout (package:flutter/src/rendering/object.dart:2923:7)
#321    RenderProxyBoxMixin.performLayout (package:flutter/src/rendering/proxy_box.dart:118:18)
#322    RenderObject.layout (package:flutter/src/rendering/object.dart:2923:7)
#323    RenderProxyBoxMixin.performLayout (package:flutter/src/rendering/proxy_box.dart:118:18)
#324    RenderObject.layout (package:flutter/src/rendering/object.dart:2923:7)
#325    RenderProxyBoxMixin.performLayout (package:flutter/src/rendering/proxy_box.dart:118:18)
#326    RenderObject.layout (package:flutter/src/rendering/object.dart:2923:7)
#327    RenderProxyBoxMixin.performLayout (package:flutter/src/rendering/proxy_box.dart:118:18)
#328    RenderOffstage.performLayout (package:flutter/src/rendering/proxy_box.dart:3923:13)
#329    RenderObject.layout (package:flutter/src/rendering/object.dart:2923:7)
#330    RenderProxyBoxMixin.performLayout (package:flutter/src/rendering/proxy_box.dart:118:18)
#331    RenderObject.layout (package:flutter/src/rendering/object.dart:2923:7)
#332    _RenderTheaterMixin.layoutChild (package:flutter/src/widgets/overlay.dart:1124:13)
#333    _RenderTheater.performLayout (package:flutter/src/widgets/overlay.dart:1482:9)
#334    RenderObject.layout (package:flutter/src/rendering/object.dart:2923:7)
#335    RenderProxyBoxMixin.performLayout (package:flutter/src/rendering/proxy_box.dart:118:18)
#336    RenderObject.layout (package:flutter/src/rendering/object.dart:2923:7)
#337    RenderProxyBoxMixin.performLayout (package:flutter/src/rendering/proxy_box.dart:118:18)
#338    RenderObject.layout (package:flutter/src/rendering/object.dart:2923:7)
#339    RenderProxyBoxMixin.performLayout (package:flutter/src/rendering/proxy_box.dart:118:18)
#340    RenderObject.layout (package:flutter/src/rendering/object.dart:2923:7)
#341    RenderProxyBoxMixin.performLayout (package:flutter/src/rendering/proxy_box.dart:118:18)
#342    RenderCustomPaint.performLayout (package:flutter/src/rendering/custom_paint.dart:574:11)
#343    RenderObject.layout (package:flutter/src/rendering/object.dart:2923:7)
#344    RenderProxyBoxMixin.performLayout (package:flutter/src/rendering/proxy_box.dart:118:18)
#345    RenderObject.layout (package:flutter/src/rendering/object.dart:2923:7)
#346    RenderProxyBoxMixin.performLayout (package:flutter/src/rendering/proxy_box.dart:118:18)
#347    RenderObject.layout (package:flutter/src/rendering/object.dart:2923:7)
#348    RenderProxyBoxMixin.performLayout (package:flutter/src/rendering/proxy_box.dart:118:18)
#349    RenderObject.layout (package:flutter/src/rendering/object.dart:2923:7)
#350    RenderProxyBoxMixin.performLayout (package:flutter/src/rendering/proxy_box.dart:118:18)
#351    RenderObject.layout (package:flutter/src/rendering/object.dart:2923:7)
#352    RenderProxyBoxMixin.performLayout (package:flutter/src/rendering/proxy_box.dart:118:18)
#353    RenderObject.layout (package:flutter/src/rendering/object.dart:2923:7)
#354    RenderProxyBoxMixin.performLayout (package:flutter/src/rendering/proxy_box.dart:118:18)
#355    RenderObject.layout (package:flutter/src/rendering/object.dart:2923:7)
#356    RenderView.performLayout (package:flutter/src/rendering/view.dart:292:12)
#357    RenderObject._layoutWithoutResize (package:flutter/src/rendering/object.dart:2771:7)
#358    PipelineOwner.flushLayout (package:flutter/src/rendering/object.dart:1174:18)
#359    PipelineOwner.flushLayout (package:flutter/src/rendering/object.dart:1187:15)
#360    AutomatedTestWidgetsFlutterBinding.drawFrame (package:flutter_test/src/binding.dart:2434:27)
#361    RendererBinding._handlePersistentFrameCallback (package:flutter/src/rendering/binding.dart:558:5)
#362    SchedulerBinding._invokeFrameCallback (package:flutter/src/scheduler/binding.dart:1430:15)
#363    SchedulerBinding.handleDrawFrame (package:flutter/src/scheduler/binding.dart:1345:9)
#364    AutomatedTestWidgetsFlutterBinding.pump.<anonymous closure> (package:flutter_test/src/binding.dart:2261:9)
#367    TestAsyncUtils.guard (package:flutter_test/src/test_async_utils.dart:74:41)
#368    AutomatedTestWidgetsFlutterBinding.pump (package:flutter_test/src/binding.dart:2250:27)
#369    WidgetTester.pumpWidget.<anonymous closure> (package:flutter_test/src/widget_tester.dart:598:22)
#372    TestAsyncUtils.guard (package:flutter_test/src/test_async_utils.dart:74:41)
#373    WidgetTester.pumpWidget (package:flutter_test/src/widget_tester.dart:595:27)
#374    main.<anonymous closure> (file:///C:/Users/ADMIN/Desktop/CocEnglish/apps/mobile/test/status_feed_ui_test.dart:113:22)
#375    testWidgets.<anonymous closure>.<anonymous closure> (package:flutter_test/src/widget_tester.dart:192:29)
<asynchronous suspension>
#376    TestWidgetsFlutterBinding._runTestBody (package:flutter_test/src/binding.dart:1953:5)
<asynchronous suspension>
<asynchronous suspension>
(elided 5 frames from dart:async and package:stack_trace)
════════════════════════════════════════════════════════════════════════════════════════════════════
══╡ EXCEPTION CAUGHT BY REFERENCE ILLUSTRATION ╞════════════════════════════════════════════════════
The following assertion was thrown:
Unable to load asset: "assets/reference_art/feed-sentences.png".
The asset does not exist or has empty data.

When the exception was thrown, this was the stack:
#0      PlatformAssetBundle.load (package:flutter/src/services/asset_bundle.dart:340:7)
#1      PlatformAssetBundle.loadBuffer (package:flutter/src/services/asset_bundle.dart:367:36)
#2      AssetBundleImageProvider._loadAsync (package:flutter/src/painting/image_provider.dart:787:33)
#3      AssetBundleImageProvider.loadImage (package:flutter/src/painting/image_provider.dart:747:14)
#4      ImageProvider.resolveStreamForKey.<anonymous closure> (package:flutter/src/painting/image_provider.dart:550:39)
#5      ImageCache.putIfAbsent (package:flutter/src/painting/image_cache.dart:368:22)
#6      ImageProvider.resolveStreamForKey (package:flutter/src/painting/image_provider.dart:547:81)
#7      ImageProvider.resolve.<anonymous closure> (package:flutter/src/painting/image_provider.dart:383:9)
#8      ImageProvider._createErrorHandlerAndKey.<anonymous closure> (package:flutter/src/painting/image_provider.dart:503:28)
#9      SynchronousFuture.then (package:flutter/src/foundation/synchronous_future.dart:44:27)
#10     ImageProvider._createErrorHandlerAndKey (package:flutter/src/painting/image_provider.dart:500:10)
#11     ImageProvider.resolve (package:flutter/src/painting/image_provider.dart:380:5)
#12     _ReferenceArtState._resolve (package:cocenglish/core/design/reference_art.dart:163:10)
#13     _ReferenceArtState.didChangeDependencies (package:cocenglish/core/design/reference_art.dart:152:5)
#14     StatefulElement._firstBuild (package:flutter/src/widgets/framework.dart:5981:11)
#15     ComponentElement.mount (package:flutter/src/widgets/framework.dart:5806:5)
...     Normal element mounting (24 frames)
#39     Element.inflateWidget (package:flutter/src/widgets/framework.dart:4600:20)
#40     Element.updateChild (package:flutter/src/widgets/framework.dart:4072:18)
#41     SlottedRenderObjectElement._updateChildren (package:flutter/src/widgets/slotted_render_object_widget.dart:317:33)
#42     SlottedRenderObjectElement.mount (package:flutter/src/widgets/slotted_render_object_widget.dart:263:5)
...     Normal element mounting (186 frames)
#228    Element.inflateWidget (package:flutter/src/widgets/framework.dart:4600:20)
#229    Element.updateChild (package:flutter/src/widgets/framework.dart:4072:18)
#230    SliverMultiBoxAdaptorElement.updateChild (package:flutter/src/widgets/sliver.dart:1092:37)
#231    SliverMultiBoxAdaptorElement.createChild.<anonymous closure> (package:flutter/src/widgets/sliver.dart:1077:20)
#232    BuildOwner.buildScope (package:flutter/src/widgets/framework.dart:3114:19)
#233    SliverMultiBoxAdaptorElement.createChild (package:flutter/src/widgets/sliver.dart:1067:12)
#234    RenderSliverMultiBoxAdaptor._createOrObtainChild.<anonymous closure> (package:flutter/src/rendering/sliver_multi_box_adaptor.dart:368:23)
#235    RenderObject.invokeLayoutCallback.<anonymous closure> (package:flutter/src/rendering/object.dart:3042:17)
#236    PipelineOwner._enableMutationsToDirtySubtrees (package:flutter/src/rendering/object.dart:1223:15)
#237    RenderObject.invokeLayoutCallback (package:flutter/src/rendering/object.dart:3041:14)
#238    RenderSliverMultiBoxAdaptor._createOrObtainChild (package:flutter/src/rendering/sliver_multi_box_adaptor.dart:357:5)
#239    RenderSliverMultiBoxAdaptor.insertAndLayoutChild (package:flutter/src/rendering/sliver_multi_box_adaptor.dart:517:5)
#240    RenderSliverList.performLayout.advance (package:flutter/src/rendering/sliver_list.dart:238:19)
#241    RenderSliverList.performLayout (package:flutter/src/rendering/sliver_list.dart:278:12)
#242    RenderObject.layout (package:flutter/src/rendering/object.dart:2923:7)
#243    RenderSliverEdgeInsetsPadding.performLayout (package:flutter/src/rendering/sliver_padding.dart:133:12)
#244    RenderSliverPadding.performLayout (package:flutter/src/rendering/sliver_padding.dart:368:11)
#245    RenderObject.layout (package:flutter/src/rendering/object.dart:2923:7)
#246    RenderViewportBase.layoutChildSequence (package:flutter/src/rendering/viewport.dart:821:13)
#247    RenderViewport._attemptLayout (package:flutter/src/rendering/viewport.dart:1831:12)
#248    RenderViewport.performLayout (package:flutter/src/rendering/viewport.dart:1724:20)
#249    RenderObject.layout (package:flutter/src/rendering/object.dart:2923:7)
#250    RenderProxyBoxMixin.performLayout (package:flutter/src/rendering/proxy_box.dart:118:18)
#251    RenderObject.layout (package:flutter/src/rendering/object.dart:2923:7)
#252    RenderProxyBoxMixin.performLayout (package:flutter/src/rendering/proxy_box.dart:118:18)
#253    RenderObject.layout (package:flutter/src/rendering/object.dart:2923:7)
#254    RenderProxyBoxMixin.performLayout (package:flutter/src/rendering/proxy_box.dart:118:18)
#255    RenderObject.layout (package:flutter/src/rendering/object.dart:2923:7)
#256    RenderProxyBoxMixin.performLayout (package:flutter/src/rendering/proxy_box.dart:118:18)
#257    RenderObject.layout (package:flutter/src/rendering/object.dart:2923:7)
#258    RenderProxyBoxMixin.performLayout (package:flutter/src/rendering/proxy_box.dart:118:18)
#259    RenderObject.layout (package:flutter/src/rendering/object.dart:2923:7)
#260    RenderProxyBoxMixin.performLayout (package:flutter/src/rendering/proxy_box.dart:118:18)
#261    RenderObject.layout (package:flutter/src/rendering/object.dart:2923:7)
#262    RenderProxyBoxMixin.performLayout (package:flutter/src/rendering/proxy_box.dart:118:18)
#263    RenderObject.layout (package:flutter/src/rendering/object.dart:2923:7)
#264    RenderProxyBoxMixin.performLayout (package:flutter/src/rendering/proxy_box.dart:118:18)
#265    _RenderCustomClip.performLayout (package:flutter/src/rendering/proxy_box.dart:1549:11)
#266    RenderObject.layout (package:flutter/src/rendering/object.dart:2923:7)
#267    ChildLayoutHelper.layoutChild (package:flutter/src/rendering/layout_helper.dart:62:11)
#268    RenderFlex._computeSizes (package:flutter/src/rendering/flex.dart:1275:26)
#269    RenderFlex.performLayout (package:flutter/src/rendering/flex.dart:1329:32)
#270    RenderObject.layout (package:flutter/src/rendering/object.dart:2923:7)
#271    ChildLayoutHelper.layoutChild (package:flutter/src/rendering/layout_helper.dart:62:11)
#272    RenderFlex._computeSizes (package:flutter/src/rendering/flex.dart:1275:26)
#273    RenderFlex.performLayout (package:flutter/src/rendering/flex.dart:1329:32)
#274    RenderObject.layout (package:flutter/src/rendering/object.dart:2923:7)
#275    RenderPadding.performLayout (package:flutter/src/rendering/shifted_box.dart:262:12)
#276    RenderObject.layout (package:flutter/src/rendering/object.dart:2923:7)
#277    MultiChildLayoutDelegate.layoutChild (package:flutter/src/rendering/custom_layout.dart:180:12)
#278    _ScaffoldLayout.performLayout (package:flutter/src/material/scaffold.dart:1113:7)
#279    MultiChildLayoutDelegate._callPerformLayout (package:flutter/src/rendering/custom_layout.dart:246:7)
#280    RenderCustomMultiChildLayoutBox.performLayout (package:flutter/src/rendering/custom_layout.dart:417:14)
#281    RenderObject.layout (package:flutter/src/rendering/object.dart:2923:7)
#282    RenderProxyBoxMixin.performLayout (package:flutter/src/rendering/proxy_box.dart:118:18)
#283    RenderObject.layout (package:flutter/src/rendering/object.dart:2923:7)
#284    RenderProxyBoxMixin.performLayout (package:flutter/src/rendering/proxy_box.dart:118:18)
#285    _RenderCustomClip.performLayout (package:flutter/src/rendering/proxy_box.dart:1549:11)
#286    RenderObject.layout (package:flutter/src/rendering/object.dart:2923:7)
#287    MultiChildLayoutDelegate.layoutChild (package:flutter/src/rendering/custom_layout.dart:180:12)
#288    _ScaffoldLayout.performLayout (package:flutter/src/material/scaffold.dart:1113:7)
#289    MultiChildLayoutDelegate._callPerformLayout (package:flutter/src/rendering/custom_layout.dart:246:7)
#290    RenderCustomMultiChildLayoutBox.performLayout (package:flutter/src/rendering/custom_layout.dart:417:14)
#291    RenderObject.layout (package:flutter/src/rendering/object.dart:2923:7)
#292    RenderProxyBoxMixin.performLayout (package:flutter/src/rendering/proxy_box.dart:118:18)
#293    RenderObject.layout (package:flutter/src/rendering/object.dart:2923:7)
#294    RenderProxyBoxMixin.performLayout (package:flutter/src/rendering/proxy_box.dart:118:18)
#295    _RenderCustomClip.performLayout (package:flutter/src/rendering/proxy_box.dart:1549:11)
#296    RenderObject.layout (package:flutter/src/rendering/object.dart:2923:7)
#297    RenderProxyBoxMixin.performLayout (package:flutter/src/rendering/proxy_box.dart:118:18)
#298    RenderObject.layout (package:flutter/src/rendering/object.dart:2923:7)
#299    RenderProxyBoxMixin.performLayout (package:flutter/src/rendering/proxy_box.dart:118:18)
#300    RenderObject.layout (package:flutter/src/rendering/object.dart:2923:7)
#301    RenderProxyBoxMixin.performLayout (package:flutter/src/rendering/proxy_box.dart:118:18)
#302    RenderObject.layout (package:flutter/src/rendering/object.dart:2923:7)
#303    RenderProxyBoxMixin.performLayout (package:flutter/src/rendering/proxy_box.dart:118:18)
#304    RenderObject.layout (package:flutter/src/rendering/object.dart:2923:7)
#305    RenderProxyBoxMixin.performLayout (package:flutter/src/rendering/proxy_box.dart:118:18)
#306    RenderObject.layout (package:flutter/src/rendering/object.dart:2923:7)
#307    RenderProxyBoxMixin.performLayout (package:flutter/src/rendering/proxy_box.dart:118:18)
#308    RenderObject.layout (package:flutter/src/rendering/object.dart:2923:7)
#309    RenderProxyBoxMixin.performLayout (package:flutter/src/rendering/proxy_box.dart:118:18)
#310    RenderObject.layout (package:flutter/src/rendering/object.dart:2923:7)
#311    RenderProxyBoxMixin.performLayout (package:flutter/src/rendering/proxy_box.dart:118:18)
#312    RenderObject.layout (package:flutter/src/rendering/object.dart:2923:7)
#313    RenderProxyBoxMixin.performLayout (package:flutter/src/rendering/proxy_box.dart:118:18)
#314    RenderObject.layout (package:flutter/src/rendering/object.dart:2923:7)
#315    RenderProxyBoxMixin.performLayout (package:flutter/src/rendering/proxy_box.dart:118:18)
#316    RenderObject.layout (package:flutter/src/rendering/object.dart:2923:7)
#317    RenderProxyBoxMixin.performLayout (package:flutter/src/rendering/proxy_box.dart:118:18)
#318    RenderObject.layout (package:flutter/src/rendering/object.dart:2923:7)
#319    RenderProxyBoxMixin.performLayout (package:flutter/src/rendering/proxy_box.dart:118:18)
#320    RenderObject.layout (package:flutter/src/rendering/object.dart:2923:7)
#321    RenderProxyBoxMixin.performLayout (package:flutter/src/rendering/proxy_box.dart:118:18)
#322    RenderObject.layout (package:flutter/src/rendering/object.dart:2923:7)
#323    RenderProxyBoxMixin.performLayout (package:flutter/src/rendering/proxy_box.dart:118:18)
#324    RenderObject.layout (package:flutter/src/rendering/object.dart:2923:7)
#325    RenderProxyBoxMixin.performLayout (package:flutter/src/rendering/proxy_box.dart:118:18)
#326    RenderObject.layout (package:flutter/src/rendering/object.dart:2923:7)
#327    RenderProxyBoxMixin.performLayout (package:flutter/src/rendering/proxy_box.dart:118:18)
#328    RenderOffstage.performLayout (package:flutter/src/rendering/proxy_box.dart:3923:13)
#329    RenderObject.layout (package:flutter/src/rendering/object.dart:2923:7)
#330    RenderProxyBoxMixin.performLayout (package:flutter/src/rendering/proxy_box.dart:118:18)
#331    RenderObject.layout (package:flutter/src/rendering/object.dart:2923:7)
#332    _RenderTheaterMixin.layoutChild (package:flutter/src/widgets/overlay.dart:1124:13)
#333    _RenderTheater.performLayout (package:flutter/src/widgets/overlay.dart:1482:9)
#334    RenderObject.layout (package:flutter/src/rendering/object.dart:2923:7)
#335    RenderProxyBoxMixin.performLayout (package:flutter/src/rendering/proxy_box.dart:118:18)
#336    RenderObject.layout (package:flutter/src/rendering/object.dart:2923:7)
#337    RenderProxyBoxMixin.performLayout (package:flutter/src/rendering/proxy_box.dart:118:18)
#338    RenderObject.layout (package:flutter/src/rendering/object.dart:2923:7)
#339    RenderProxyBoxMixin.performLayout (package:flutter/src/rendering/proxy_box.dart:118:18)
#340    RenderObject.layout (package:flutter/src/rendering/object.dart:2923:7)
#341    RenderProxyBoxMixin.performLayout (package:flutter/src/rendering/proxy_box.dart:118:18)
#342    RenderCustomPaint.performLayout (package:flutter/src/rendering/custom_paint.dart:574:11)
#343    RenderObject.layout (package:flutter/src/rendering/object.dart:2923:7)
#344    RenderProxyBoxMixin.performLayout (package:flutter/src/rendering/proxy_box.dart:118:18)
#345    RenderObject.layout (package:flutter/src/rendering/object.dart:2923:7)
#346    RenderProxyBoxMixin.performLayout (package:flutter/src/rendering/proxy_box.dart:118:18)
#347    RenderObject.layout (package:flutter/src/rendering/object.dart:2923:7)
#348    RenderProxyBoxMixin.performLayout (package:flutter/src/rendering/proxy_box.dart:118:18)
#349    RenderObject.layout (package:flutter/src/rendering/object.dart:2923:7)
#350    RenderProxyBoxMixin.performLayout (package:flutter/src/rendering/proxy_box.dart:118:18)
#351    RenderObject.layout (package:flutter/src/rendering/object.dart:2923:7)
#352    RenderProxyBoxMixin.performLayout (package:flutter/src/rendering/proxy_box.dart:118:18)
#353    RenderObject.layout (package:flutter/src/rendering/object.dart:2923:7)
#354    RenderProxyBoxMixin.performLayout (package:flutter/src/rendering/proxy_box.dart:118:18)
#355    RenderObject.layout (package:flutter/src/rendering/object.dart:2923:7)
#356    RenderView.performLayout (package:flutter/src/rendering/view.dart:292:12)
#357    RenderObject._layoutWithoutResize (package:flutter/src/rendering/object.dart:2771:7)
#358    PipelineOwner.flushLayout (package:flutter/src/rendering/object.dart:1174:18)
#359    PipelineOwner.flushLayout (package:flutter/src/rendering/object.dart:1187:15)
#360    AutomatedTestWidgetsFlutterBinding.drawFrame (package:flutter_test/src/binding.dart:2434:27)
#361    RendererBinding._handlePersistentFrameCallback (package:flutter/src/rendering/binding.dart:558:5)
#362    SchedulerBinding._invokeFrameCallback (package:flutter/src/scheduler/binding.dart:1430:15)
#363    SchedulerBinding.handleDrawFrame (package:flutter/src/scheduler/binding.dart:1345:9)
#364    AutomatedTestWidgetsFlutterBinding.pump.<anonymous closure> (package:flutter_test/src/binding.dart:2261:9)
#367    TestAsyncUtils.guard (package:flutter_test/src/test_async_utils.dart:74:41)
#368    AutomatedTestWidgetsFlutterBinding.pump (package:flutter_test/src/binding.dart:2250:27)
#369    WidgetTester.pumpWidget.<anonymous closure> (package:flutter_test/src/widget_tester.dart:598:22)
#372    TestAsyncUtils.guard (package:flutter_test/src/test_async_utils.dart:74:41)
#373    WidgetTester.pumpWidget (package:flutter_test/src/widget_tester.dart:595:27)
#374    main.<anonymous closure> (file:///C:/Users/ADMIN/Desktop/CocEnglish/apps/mobile/test/status_feed_ui_test.dart:113:22)
#375    testWidgets.<anonymous closure>.<anonymous closure> (package:flutter_test/src/widget_tester.dart:192:29)
<asynchronous suspension>
#376    TestWidgetsFlutterBinding._runTestBody (package:flutter_test/src/binding.dart:1953:5)
<asynchronous suspension>
<asynchronous suspension>
(elided 5 frames from dart:async and package:stack_trace)
════════════════════════════════════════════════════════════════════════════════════════════════════
══╡ EXCEPTION CAUGHT BY FLUTTER TEST FRAMEWORK ╞════════════════════════════════════════════════════
The following TestFailure was thrown running a test:
Expected: null
  Actual: 'Multiple exceptions (3) were detected during the running of the current test, and at
least one was unexpected.'

When the exception was thrown, this was the stack:
#4      main.<anonymous closure> (file:///C:/Users/ADMIN/Desktop/CocEnglish/apps/mobile/test/status_feed_ui_test.dart:119:9)
<asynchronous suspension>
#5      testWidgets.<anonymous closure>.<anonymous closure> (package:flutter_test/src/widget_tester.dart:192:15)
<asynchronous suspension>
#6      TestWidgetsFlutterBinding._runTestBody (package:flutter_test/src/binding.dart:1953:5)
<asynchronous suspension>
<asynchronous suspension>
(elided one frame from package:stack_trace)

This was caught by the test expectation on the following line:
  file:///C:/Users/ADMIN/Desktop/CocEnglish/apps/mobile/test/status_feed_ui_test.dart line 119
The test description was:
  feed and actual status modal width430.0 text1.0
════════════════════════════════════════════════════════════════════════════════════════════════════
00:10 +0 -6: feed and actual status modal width430.0 text1.0 [E]
  Test failed. See exception logs above.
  The test description was: feed and actual status modal width430.0 text1.0
  
00:10 +0 -6: feed and actual status modal width430.0 text2.0
══╡ EXCEPTION CAUGHT BY REFERENCE ILLUSTRATION ╞════════════════════════════════════════════════════
The following assertion was thrown:
Unable to load asset: "assets/reference_art/feed-suggestions.png".
The asset does not exist or has empty data.

When the exception was thrown, this was the stack:
#0      PlatformAssetBundle.load (package:flutter/src/services/asset_bundle.dart:340:7)
#1      PlatformAssetBundle.loadBuffer (package:flutter/src/services/asset_bundle.dart:367:36)
#2      AssetBundleImageProvider._loadAsync (package:flutter/src/painting/image_provider.dart:787:33)
#3      AssetBundleImageProvider.loadImage (package:flutter/src/painting/image_provider.dart:747:14)
#4      ImageProvider.resolveStreamForKey.<anonymous closure> (package:flutter/src/painting/image_provider.dart:550:39)
#5      ImageCache.putIfAbsent (package:flutter/src/painting/image_cache.dart:368:22)
#6      ImageProvider.resolveStreamForKey (package:flutter/src/painting/image_provider.dart:547:81)
#7      ImageProvider.resolve.<anonymous closure> (package:flutter/src/painting/image_provider.dart:383:9)
#8      ImageProvider._createErrorHandlerAndKey.<anonymous closure> (package:flutter/src/painting/image_provider.dart:503:28)
#9      SynchronousFuture.then (package:flutter/src/foundation/synchronous_future.dart:44:27)
#10     ImageProvider._createErrorHandlerAndKey (package:flutter/src/painting/image_provider.dart:500:10)
#11     ImageProvider.resolve (package:flutter/src/painting/image_provider.dart:380:5)
#12     _ReferenceArtState._resolve (package:cocenglish/core/design/reference_art.dart:163:10)
#13     _ReferenceArtState.didChangeDependencies (package:cocenglish/core/design/reference_art.dart:152:5)
#14     StatefulElement._firstBuild (package:flutter/src/widgets/framework.dart:5981:11)
#15     ComponentElement.mount (package:flutter/src/widgets/framework.dart:5806:5)
...     Normal element mounting (41 frames)
#56     Element.inflateWidget (package:flutter/src/widgets/framework.dart:4600:20)
#57     Element.updateChild (package:flutter/src/widgets/framework.dart:4072:18)
#58     SliverMultiBoxAdaptorElement.updateChild (package:flutter/src/widgets/sliver.dart:1092:37)
#59     SliverMultiBoxAdaptorElement.createChild.<anonymous closure> (package:flutter/src/widgets/sliver.dart:1077:20)
#60     BuildOwner.buildScope (package:flutter/src/widgets/framework.dart:3114:19)
#61     SliverMultiBoxAdaptorElement.createChild (package:flutter/src/widgets/sliver.dart:1067:12)
#62     RenderSliverMultiBoxAdaptor._createOrObtainChild.<anonymous closure> (package:flutter/src/rendering/sliver_multi_box_adaptor.dart:368:23)
#63     RenderObject.invokeLayoutCallback.<anonymous closure> (package:flutter/src/rendering/object.dart:3042:17)
#64     PipelineOwner._enableMutationsToDirtySubtrees (package:flutter/src/rendering/object.dart:1223:15)
#65     RenderObject.invokeLayoutCallback (package:flutter/src/rendering/object.dart:3041:14)
#66     RenderSliverMultiBoxAdaptor._createOrObtainChild (package:flutter/src/rendering/sliver_multi_box_adaptor.dart:357:5)
#67     RenderSliverMultiBoxAdaptor.addInitialChild (package:flutter/src/rendering/sliver_multi_box_adaptor.dart:455:5)
#68     RenderSliverList.performLayout (package:flutter/src/rendering/sliver_list.dart:79:12)
#69     RenderObject.layout (package:flutter/src/rendering/object.dart:2923:7)
#70     RenderSliverEdgeInsetsPadding.performLayout (package:flutter/src/rendering/sliver_padding.dart:133:12)
#71     RenderSliverPadding.performLayout (package:flutter/src/rendering/sliver_padding.dart:368:11)
#72     RenderObject.layout (package:flutter/src/rendering/object.dart:2923:7)
#73     RenderViewportBase.layoutChildSequence (package:flutter/src/rendering/viewport.dart:821:13)
#74     RenderViewport._attemptLayout (package:flutter/src/rendering/viewport.dart:1831:12)
#75     RenderViewport.performLayout (package:flutter/src/rendering/viewport.dart:1724:20)
#76     RenderObject.layout (package:flutter/src/rendering/object.dart:2923:7)
#77     RenderProxyBoxMixin.performLayout (package:flutter/src/rendering/proxy_box.dart:118:18)
#78     RenderObject.layout (package:flutter/src/rendering/object.dart:2923:7)
#79     RenderProxyBoxMixin.performLayout (package:flutter/src/rendering/proxy_box.dart:118:18)
#80     RenderObject.layout (package:flutter/src/rendering/object.dart:2923:7)
#81     RenderProxyBoxMixin.performLayout (package:flutter/src/rendering/proxy_box.dart:118:18)
#82     RenderObject.layout (package:flutter/src/rendering/object.dart:2923:7)
#83     RenderProxyBoxMixin.performLayout (package:flutter/src/rendering/proxy_box.dart:118:18)
#84     RenderObject.layout (package:flutter/src/rendering/object.dart:2923:7)
#85     RenderProxyBoxMixin.performLayout (package:flutter/src/rendering/proxy_box.dart:118:18)
#86     RenderObject.layout (package:flutter/src/rendering/object.dart:2923:7)
#87     RenderProxyBoxMixin.performLayout (package:flutter/src/rendering/proxy_box.dart:118:18)
#88     RenderObject.layout (package:flutter/src/rendering/object.dart:2923:7)
#89     RenderProxyBoxMixin.performLayout (package:flutter/src/rendering/proxy_box.dart:118:18)
#90     RenderObject.layout (package:flutter/src/rendering/object.dart:2923:7)
#91     RenderProxyBoxMixin.performLayout (package:flutter/src/rendering/proxy_box.dart:118:18)
#92     _RenderCustomClip.performLayout (package:flutter/src/rendering/proxy_box.dart:1549:11)
#93     RenderObject.layout (package:flutter/src/rendering/object.dart:2923:7)
#94     ChildLayoutHelper.layoutChild (package:flutter/src/rendering/layout_helper.dart:62:11)
#95     RenderFlex._computeSizes (package:flutter/src/rendering/flex.dart:1275:26)
#96     RenderFlex.performLayout (package:flutter/src/rendering/flex.dart:1329:32)
#97     RenderObject.layout (package:flutter/src/rendering/object.dart:2923:7)
#98     ChildLayoutHelper.layoutChild (package:flutter/src/rendering/layout_helper.dart:62:11)
#99     RenderFlex._computeSizes (package:flutter/src/rendering/flex.dart:1275:26)
#100    RenderFlex.performLayout (package:flutter/src/rendering/flex.dart:1329:32)
#101    RenderObject.layout (package:flutter/src/rendering/object.dart:2923:7)
#102    RenderPadding.performLayout (package:flutter/src/rendering/shifted_box.dart:262:12)
#103    RenderObject.layout (package:flutter/src/rendering/object.dart:2923:7)
#104    MultiChildLayoutDelegate.layoutChild (package:flutter/src/rendering/custom_layout.dart:180:12)
#105    _ScaffoldLayout.performLayout (package:flutter/src/material/scaffold.dart:1113:7)
#106    MultiChildLayoutDelegate._callPerformLayout (package:flutter/src/rendering/custom_layout.dart:246:7)
#107    RenderCustomMultiChildLayoutBox.performLayout (package:flutter/src/rendering/custom_layout.dart:417:14)
#108    RenderObject.layout (package:flutter/src/rendering/object.dart:2923:7)
#109    RenderProxyBoxMixin.performLayout (package:flutter/src/rendering/proxy_box.dart:118:18)
#110    RenderObject.layout (package:flutter/src/rendering/object.dart:2923:7)
#111    RenderProxyBoxMixin.performLayout (package:flutter/src/rendering/proxy_box.dart:118:18)
#112    _RenderCustomClip.performLayout (package:flutter/src/rendering/proxy_box.dart:1549:11)
#113    RenderObject.layout (package:flutter/src/rendering/object.dart:2923:7)
#114    MultiChildLayoutDelegate.layoutChild (package:flutter/src/rendering/custom_layout.dart:180:12)
#115    _ScaffoldLayout.performLayout (package:flutter/src/material/scaffold.dart:1113:7)
#116    MultiChildLayoutDelegate._callPerformLayout (package:flutter/src/rendering/custom_layout.dart:246:7)
#117    RenderCustomMultiChildLayoutBox.performLayout (package:flutter/src/rendering/custom_layout.dart:417:14)
#118    RenderObject.layout (package:flutter/src/rendering/object.dart:2923:7)
#119    RenderProxyBoxMixin.performLayout (package:flutter/src/rendering/proxy_box.dart:118:18)
#120    RenderObject.layout (package:flutter/src/rendering/object.dart:2923:7)
#121    RenderProxyBoxMixin.performLayout (package:flutter/src/rendering/proxy_box.dart:118:18)
#122    _RenderCustomClip.performLayout (package:flutter/src/rendering/proxy_box.dart:1549:11)
#123    RenderObject.layout (package:flutter/src/rendering/object.dart:2923:7)
#124    RenderProxyBoxMixin.performLayout (package:flutter/src/rendering/proxy_box.dart:118:18)
#125    RenderObject.layout (package:flutter/src/rendering/object.dart:2923:7)
#126    RenderProxyBoxMixin.performLayout (package:flutter/src/rendering/proxy_box.dart:118:18)
#127    RenderObject.layout (package:flutter/src/rendering/object.dart:2923:7)
#128    RenderProxyBoxMixin.performLayout (package:flutter/src/rendering/proxy_box.dart:118:18)
#129    RenderObject.layout (package:flutter/src/rendering/object.dart:2923:7)
#130    RenderProxyBoxMixin.performLayout (package:flutter/src/rendering/proxy_box.dart:118:18)
#131    RenderObject.layout (package:flutter/src/rendering/object.dart:2923:7)
#132    RenderProxyBoxMixin.performLayout (package:flutter/src/rendering/proxy_box.dart:118:18)
#133    RenderObject.layout (package:flutter/src/rendering/object.dart:2923:7)
#134    RenderProxyBoxMixin.performLayout (package:flutter/src/rendering/proxy_box.dart:118:18)
#135    RenderObject.layout (package:flutter/src/rendering/object.dart:2923:7)
#136    RenderProxyBoxMixin.performLayout (package:flutter/src/rendering/proxy_box.dart:118:18)
#137    RenderObject.layout (package:flutter/src/rendering/object.dart:2923:7)
#138    RenderProxyBoxMixin.performLayout (package:flutter/src/rendering/proxy_box.dart:118:18)
#139    RenderObject.layout (package:flutter/src/rendering/object.dart:2923:7)
#140    RenderProxyBoxMixin.performLayout (package:flutter/src/rendering/proxy_box.dart:118:18)
#141    RenderObject.layout (package:flutter/src/rendering/object.dart:2923:7)
#142    RenderProxyBoxMixin.performLayout (package:flutter/src/rendering/proxy_box.dart:118:18)
#143    RenderObject.layout (package:flutter/src/rendering/object.dart:2923:7)
#144    RenderProxyBoxMixin.performLayout (package:flutter/src/rendering/proxy_box.dart:118:18)
#145    RenderObject.layout (package:flutter/src/rendering/object.dart:2923:7)
#146    RenderProxyBoxMixin.performLayout (package:flutter/src/rendering/proxy_box.dart:118:18)
#147    RenderObject.layout (package:flutter/src/rendering/object.dart:2923:7)
#148    RenderProxyBoxMixin.performLayout (package:flutter/src/rendering/proxy_box.dart:118:18)
#149    RenderObject.layout (package:flutter/src/rendering/object.dart:2923:7)
#150    RenderProxyBoxMixin.performLayout (package:flutter/src/rendering/proxy_box.dart:118:18)
#151    RenderObject.layout (package:flutter/src/rendering/object.dart:2923:7)
#152    RenderProxyBoxMixin.performLayout (package:flutter/src/rendering/proxy_box.dart:118:18)
#153    RenderObject.layout (package:flutter/src/rendering/object.dart:2923:7)
#154    RenderProxyBoxMixin.performLayout (package:flutter/src/rendering/proxy_box.dart:118:18)
#155    RenderOffstage.performLayout (package:flutter/src/rendering/proxy_box.dart:3923:13)
#156    RenderObject.layout (package:flutter/src/rendering/object.dart:2923:7)
#157    RenderProxyBoxMixin.performLayout (package:flutter/src/rendering/proxy_box.dart:118:18)
#158    RenderObject.layout (package:flutter/src/rendering/object.dart:2923:7)
#159    _RenderTheaterMixin.layoutChild (package:flutter/src/widgets/overlay.dart:1124:13)
#160    _RenderTheater.performLayout (package:flutter/src/widgets/overlay.dart:1482:9)
#161    RenderObject.layout (package:flutter/src/rendering/object.dart:2923:7)
#162    RenderProxyBoxMixin.performLayout (package:flutter/src/rendering/proxy_box.dart:118:18)
#163    RenderObject.layout (package:flutter/src/rendering/object.dart:2923:7)
#164    RenderProxyBoxMixin.performLayout (package:flutter/src/rendering/proxy_box.dart:118:18)
#165    RenderObject.layout (package:flutter/src/rendering/object.dart:2923:7)
#166    RenderProxyBoxMixin.performLayout (package:flutter/src/rendering/proxy_box.dart:118:18)
#167    RenderObject.layout (package:flutter/src/rendering/object.dart:2923:7)
#168    RenderProxyBoxMixin.performLayout (package:flutter/src/rendering/proxy_box.dart:118:18)
#169    RenderCustomPaint.performLayout (package:flutter/src/rendering/custom_paint.dart:574:11)
#170    RenderObject.layout (package:flutter/src/rendering/object.dart:2923:7)
#171    RenderProxyBoxMixin.performLayout (package:flutter/src/rendering/proxy_box.dart:118:18)
#172    RenderObject.layout (package:flutter/src/rendering/object.dart:2923:7)
#173    RenderProxyBoxMixin.performLayout (package:flutter/src/rendering/proxy_box.dart:118:18)
#174    RenderObject.layout (package:flutter/src/rendering/object.dart:2923:7)
#175    RenderProxyBoxMixin.performLayout (package:flutter/src/rendering/proxy_box.dart:118:18)
#176    RenderObject.layout (package:flutter/src/rendering/object.dart:2923:7)
#177    RenderProxyBoxMixin.performLayout (package:flutter/src/rendering/proxy_box.dart:118:18)
#178    RenderObject.layout (package:flutter/src/rendering/object.dart:2923:7)
#179    RenderProxyBoxMixin.performLayout (package:flutter/src/rendering/proxy_box.dart:118:18)
#180    RenderObject.layout (package:flutter/src/rendering/object.dart:2923:7)
#181    RenderProxyBoxMixin.performLayout (package:flutter/src/rendering/proxy_box.dart:118:18)
#182    RenderObject.layout (package:flutter/src/rendering/object.dart:2923:7)
#183    RenderView.performLayout (package:flutter/src/rendering/view.dart:292:12)
#184    RenderObject._layoutWithoutResize (package:flutter/src/rendering/object.dart:2771:7)
#185    PipelineOwner.flushLayout (package:flutter/src/rendering/object.dart:1174:18)
#186    PipelineOwner.flushLayout (package:flutter/src/rendering/object.dart:1187:15)
#187    AutomatedTestWidgetsFlutterBinding.drawFrame (package:flutter_test/src/binding.dart:2434:27)
#188    RendererBinding._handlePersistentFrameCallback (package:flutter/src/rendering/binding.dart:558:5)
#189    SchedulerBinding._invokeFrameCallback (package:flutter/src/scheduler/binding.dart:1430:15)
#190    SchedulerBinding.handleDrawFrame (package:flutter/src/scheduler/binding.dart:1345:9)
#191    AutomatedTestWidgetsFlutterBinding.pump.<anonymous closure> (package:flutter_test/src/binding.dart:2261:9)
#194    TestAsyncUtils.guard (package:flutter_test/src/test_async_utils.dart:74:41)
#195    AutomatedTestWidgetsFlutterBinding.pump (package:flutter_test/src/binding.dart:2250:27)
#196    WidgetTester.pumpWidget.<anonymous closure> (package:flutter_test/src/widget_tester.dart:598:22)
#199    TestAsyncUtils.guard (package:flutter_test/src/test_async_utils.dart:74:41)
#200    WidgetTester.pumpWidget (package:flutter_test/src/widget_tester.dart:595:27)
#201    main.<anonymous closure> (file:///C:/Users/ADMIN/Desktop/CocEnglish/apps/mobile/test/status_feed_ui_test.dart:113:22)
#202    testWidgets.<anonymous closure>.<anonymous closure> (package:flutter_test/src/widget_tester.dart:192:29)
<asynchronous suspension>
#203    TestWidgetsFlutterBinding._runTestBody (package:flutter_test/src/binding.dart:1953:5)
<asynchronous suspension>
<asynchronous suspension>
(elided 5 frames from dart:async and package:stack_trace)
════════════════════════════════════════════════════════════════════════════════════════════════════
══╡ EXCEPTION CAUGHT BY REFERENCE ILLUSTRATION ╞════════════════════════════════════════════════════
The following assertion was thrown:
Unable to load asset: "assets/reference_art/feed-learning.png".
The asset does not exist or has empty data.

When the exception was thrown, this was the stack:
#0      PlatformAssetBundle.load (package:flutter/src/services/asset_bundle.dart:340:7)
#1      PlatformAssetBundle.loadBuffer (package:flutter/src/services/asset_bundle.dart:367:36)
#2      AssetBundleImageProvider._loadAsync (package:flutter/src/painting/image_provider.dart:787:33)
#3      AssetBundleImageProvider.loadImage (package:flutter/src/painting/image_provider.dart:747:14)
#4      ImageProvider.resolveStreamForKey.<anonymous closure> (package:flutter/src/painting/image_provider.dart:550:39)
#5      ImageCache.putIfAbsent (package:flutter/src/painting/image_cache.dart:368:22)
#6      ImageProvider.resolveStreamForKey (package:flutter/src/painting/image_provider.dart:547:81)
#7      ImageProvider.resolve.<anonymous closure> (package:flutter/src/painting/image_provider.dart:383:9)
#8      ImageProvider._createErrorHandlerAndKey.<anonymous closure> (package:flutter/src/painting/image_provider.dart:503:28)
#9      SynchronousFuture.then (package:flutter/src/foundation/synchronous_future.dart:44:27)
#10     ImageProvider._createErrorHandlerAndKey (package:flutter/src/painting/image_provider.dart:500:10)
#11     ImageProvider.resolve (package:flutter/src/painting/image_provider.dart:380:5)
#12     _ReferenceArtState._resolve (package:cocenglish/core/design/reference_art.dart:163:10)
#13     _ReferenceArtState.didChangeDependencies (package:cocenglish/core/design/reference_art.dart:152:5)
#14     StatefulElement._firstBuild (package:flutter/src/widgets/framework.dart:5981:11)
#15     ComponentElement.mount (package:flutter/src/widgets/framework.dart:5806:5)
...     Normal element mounting (24 frames)
#39     Element.inflateWidget (package:flutter/src/widgets/framework.dart:4600:20)
#40     Element.updateChild (package:flutter/src/widgets/framework.dart:4072:18)
#41     SlottedRenderObjectElement._updateChildren (package:flutter/src/widgets/slotted_render_object_widget.dart:317:33)
#42     SlottedRenderObjectElement.mount (package:flutter/src/widgets/slotted_render_object_widget.dart:263:5)
...     Normal element mounting (186 frames)
#228    Element.inflateWidget (package:flutter/src/widgets/framework.dart:4600:20)
#229    Element.updateChild (package:flutter/src/widgets/framework.dart:4072:18)
#230    SliverMultiBoxAdaptorElement.updateChild (package:flutter/src/widgets/sliver.dart:1092:37)
#231    SliverMultiBoxAdaptorElement.createChild.<anonymous closure> (package:flutter/src/widgets/sliver.dart:1077:20)
#232    BuildOwner.buildScope (package:flutter/src/widgets/framework.dart:3114:19)
#233    SliverMultiBoxAdaptorElement.createChild (package:flutter/src/widgets/sliver.dart:1067:12)
#234    RenderSliverMultiBoxAdaptor._createOrObtainChild.<anonymous closure> (package:flutter/src/rendering/sliver_multi_box_adaptor.dart:368:23)
#235    RenderObject.invokeLayoutCallback.<anonymous closure> (package:flutter/src/rendering/object.dart:3042:17)
#236    PipelineOwner._enableMutationsToDirtySubtrees (package:flutter/src/rendering/object.dart:1223:15)
#237    RenderObject.invokeLayoutCallback (package:flutter/src/rendering/object.dart:3041:14)
#238    RenderSliverMultiBoxAdaptor._createOrObtainChild (package:flutter/src/rendering/sliver_multi_box_adaptor.dart:357:5)
#239    RenderSliverMultiBoxAdaptor.insertAndLayoutChild (package:flutter/src/rendering/sliver_multi_box_adaptor.dart:517:5)
#240    RenderSliverList.performLayout.advance (package:flutter/src/rendering/sliver_list.dart:238:19)
#241    RenderSliverList.performLayout (package:flutter/src/rendering/sliver_list.dart:278:12)
#242    RenderObject.layout (package:flutter/src/rendering/object.dart:2923:7)
#243    RenderSliverEdgeInsetsPadding.performLayout (package:flutter/src/rendering/sliver_padding.dart:133:12)
#244    RenderSliverPadding.performLayout (package:flutter/src/rendering/sliver_padding.dart:368:11)
#245    RenderObject.layout (package:flutter/src/rendering/object.dart:2923:7)
#246    RenderViewportBase.layoutChildSequence (package:flutter/src/rendering/viewport.dart:821:13)
#247    RenderViewport._attemptLayout (package:flutter/src/rendering/viewport.dart:1831:12)
#248    RenderViewport.performLayout (package:flutter/src/rendering/viewport.dart:1724:20)
#249    RenderObject.layout (package:flutter/src/rendering/object.dart:2923:7)
#250    RenderProxyBoxMixin.performLayout (package:flutter/src/rendering/proxy_box.dart:118:18)
#251    RenderObject.layout (package:flutter/src/rendering/object.dart:2923:7)
#252    RenderProxyBoxMixin.performLayout (package:flutter/src/rendering/proxy_box.dart:118:18)
#253    RenderObject.layout (package:flutter/src/rendering/object.dart:2923:7)
#254    RenderProxyBoxMixin.performLayout (package:flutter/src/rendering/proxy_box.dart:118:18)
#255    RenderObject.layout (package:flutter/src/rendering/object.dart:2923:7)
#256    RenderProxyBoxMixin.performLayout (package:flutter/src/rendering/proxy_box.dart:118:18)
#257    RenderObject.layout (package:flutter/src/rendering/object.dart:2923:7)
#258    RenderProxyBoxMixin.performLayout (package:flutter/src/rendering/proxy_box.dart:118:18)
#259    RenderObject.layout (package:flutter/src/rendering/object.dart:2923:7)
#260    RenderProxyBoxMixin.performLayout (package:flutter/src/rendering/proxy_box.dart:118:18)
#261    RenderObject.layout (package:flutter/src/rendering/object.dart:2923:7)
#262    RenderProxyBoxMixin.performLayout (package:flutter/src/rendering/proxy_box.dart:118:18)
#263    RenderObject.layout (package:flutter/src/rendering/object.dart:2923:7)
#264    RenderProxyBoxMixin.performLayout (package:flutter/src/rendering/proxy_box.dart:118:18)
#265    _RenderCustomClip.performLayout (package:flutter/src/rendering/proxy_box.dart:1549:11)
#266    RenderObject.layout (package:flutter/src/rendering/object.dart:2923:7)
#267    ChildLayoutHelper.layoutChild (package:flutter/src/rendering/layout_helper.dart:62:11)
#268    RenderFlex._computeSizes (package:flutter/src/rendering/flex.dart:1275:26)
#269    RenderFlex.performLayout (package:flutter/src/rendering/flex.dart:1329:32)
#270    RenderObject.layout (package:flutter/src/rendering/object.dart:2923:7)
#271    ChildLayoutHelper.layoutChild (package:flutter/src/rendering/layout_helper.dart:62:11)
#272    RenderFlex._computeSizes (package:flutter/src/rendering/flex.dart:1275:26)
#273    RenderFlex.performLayout (package:flutter/src/rendering/flex.dart:1329:32)
#274    RenderObject.layout (package:flutter/src/rendering/object.dart:2923:7)
#275    RenderPadding.performLayout (package:flutter/src/rendering/shifted_box.dart:262:12)
#276    RenderObject.layout (package:flutter/src/rendering/object.dart:2923:7)
#277    MultiChildLayoutDelegate.layoutChild (package:flutter/src/rendering/custom_layout.dart:180:12)
#278    _ScaffoldLayout.performLayout (package:flutter/src/material/scaffold.dart:1113:7)
#279    MultiChildLayoutDelegate._callPerformLayout (package:flutter/src/rendering/custom_layout.dart:246:7)
#280    RenderCustomMultiChildLayoutBox.performLayout (package:flutter/src/rendering/custom_layout.dart:417:14)
#281    RenderObject.layout (package:flutter/src/rendering/object.dart:2923:7)
#282    RenderProxyBoxMixin.performLayout (package:flutter/src/rendering/proxy_box.dart:118:18)
#283    RenderObject.layout (package:flutter/src/rendering/object.dart:2923:7)
#284    RenderProxyBoxMixin.performLayout (package:flutter/src/rendering/proxy_box.dart:118:18)
#285    _RenderCustomClip.performLayout (package:flutter/src/rendering/proxy_box.dart:1549:11)
#286    RenderObject.layout (package:flutter/src/rendering/object.dart:2923:7)
#287    MultiChildLayoutDelegate.layoutChild (package:flutter/src/rendering/custom_layout.dart:180:12)
#288    _ScaffoldLayout.performLayout (package:flutter/src/material/scaffold.dart:1113:7)
#289    MultiChildLayoutDelegate._callPerformLayout (package:flutter/src/rendering/custom_layout.dart:246:7)
#290    RenderCustomMultiChildLayoutBox.performLayout (package:flutter/src/rendering/custom_layout.dart:417:14)
#291    RenderObject.layout (package:flutter/src/rendering/object.dart:2923:7)
#292    RenderProxyBoxMixin.performLayout (package:flutter/src/rendering/proxy_box.dart:118:18)
#293    RenderObject.layout (package:flutter/src/rendering/object.dart:2923:7)
#294    RenderProxyBoxMixin.performLayout (package:flutter/src/rendering/proxy_box.dart:118:18)
#295    _RenderCustomClip.performLayout (package:flutter/src/rendering/proxy_box.dart:1549:11)
#296    RenderObject.layout (package:flutter/src/rendering/object.dart:2923:7)
#297    RenderProxyBoxMixin.performLayout (package:flutter/src/rendering/proxy_box.dart:118:18)
#298    RenderObject.layout (package:flutter/src/rendering/object.dart:2923:7)
#299    RenderProxyBoxMixin.performLayout (package:flutter/src/rendering/proxy_box.dart:118:18)
#300    RenderObject.layout (package:flutter/src/rendering/object.dart:2923:7)
#301    RenderProxyBoxMixin.performLayout (package:flutter/src/rendering/proxy_box.dart:118:18)
#302    RenderObject.layout (package:flutter/src/rendering/object.dart:2923:7)
#303    RenderProxyBoxMixin.performLayout (package:flutter/src/rendering/proxy_box.dart:118:18)
#304    RenderObject.layout (package:flutter/src/rendering/object.dart:2923:7)
#305    RenderProxyBoxMixin.performLayout (package:flutter/src/rendering/proxy_box.dart:118:18)
#306    RenderObject.layout (package:flutter/src/rendering/object.dart:2923:7)
#307    RenderProxyBoxMixin.performLayout (package:flutter/src/rendering/proxy_box.dart:118:18)
#308    RenderObject.layout (package:flutter/src/rendering/object.dart:2923:7)
#309    RenderProxyBoxMixin.performLayout (package:flutter/src/rendering/proxy_box.dart:118:18)
#310    RenderObject.layout (package:flutter/src/rendering/object.dart:2923:7)
#311    RenderProxyBoxMixin.performLayout (package:flutter/src/rendering/proxy_box.dart:118:18)
#312    RenderObject.layout (package:flutter/src/rendering/object.dart:2923:7)
#313    RenderProxyBoxMixin.performLayout (package:flutter/src/rendering/proxy_box.dart:118:18)
#314    RenderObject.layout (package:flutter/src/rendering/object.dart:2923:7)
#315    RenderProxyBoxMixin.performLayout (package:flutter/src/rendering/proxy_box.dart:118:18)
#316    RenderObject.layout (package:flutter/src/rendering/object.dart:2923:7)
#317    RenderProxyBoxMixin.performLayout (package:flutter/src/rendering/proxy_box.dart:118:18)
#318    RenderObject.layout (package:flutter/src/rendering/object.dart:2923:7)
#319    RenderProxyBoxMixin.performLayout (package:flutter/src/rendering/proxy_box.dart:118:18)
#320    RenderObject.layout (package:flutter/src/rendering/object.dart:2923:7)
#321    RenderProxyBoxMixin.performLayout (package:flutter/src/rendering/proxy_box.dart:118:18)
#322    RenderObject.layout (package:flutter/src/rendering/object.dart:2923:7)
#323    RenderProxyBoxMixin.performLayout (package:flutter/src/rendering/proxy_box.dart:118:18)
#324    RenderObject.layout (package:flutter/src/rendering/object.dart:2923:7)
#325    RenderProxyBoxMixin.performLayout (package:flutter/src/rendering/proxy_box.dart:118:18)
#326    RenderObject.layout (package:flutter/src/rendering/object.dart:2923:7)
#327    RenderProxyBoxMixin.performLayout (package:flutter/src/rendering/proxy_box.dart:118:18)
#328    RenderOffstage.performLayout (package:flutter/src/rendering/proxy_box.dart:3923:13)
#329    RenderObject.layout (package:flutter/src/rendering/object.dart:2923:7)
#330    RenderProxyBoxMixin.performLayout (package:flutter/src/rendering/proxy_box.dart:118:18)
#331    RenderObject.layout (package:flutter/src/rendering/object.dart:2923:7)
#332    _RenderTheaterMixin.layoutChild (package:flutter/src/widgets/overlay.dart:1124:13)
#333    _RenderTheater.performLayout (package:flutter/src/widgets/overlay.dart:1482:9)
#334    RenderObject.layout (package:flutter/src/rendering/object.dart:2923:7)
#335    RenderProxyBoxMixin.performLayout (package:flutter/src/rendering/proxy_box.dart:118:18)
#336    RenderObject.layout (package:flutter/src/rendering/object.dart:2923:7)
#337    RenderProxyBoxMixin.performLayout (package:flutter/src/rendering/proxy_box.dart:118:18)
#338    RenderObject.layout (package:flutter/src/rendering/object.dart:2923:7)
#339    RenderProxyBoxMixin.performLayout (package:flutter/src/rendering/proxy_box.dart:118:18)
#340    RenderObject.layout (package:flutter/src/rendering/object.dart:2923:7)
#341    RenderProxyBoxMixin.performLayout (package:flutter/src/rendering/proxy_box.dart:118:18)
#342    RenderCustomPaint.performLayout (package:flutter/src/rendering/custom_paint.dart:574:11)
#343    RenderObject.layout (package:flutter/src/rendering/object.dart:2923:7)
#344    RenderProxyBoxMixin.performLayout (package:flutter/src/rendering/proxy_box.dart:118:18)
#345    RenderObject.layout (package:flutter/src/rendering/object.dart:2923:7)
#346    RenderProxyBoxMixin.performLayout (package:flutter/src/rendering/proxy_box.dart:118:18)
#347    RenderObject.layout (package:flutter/src/rendering/object.dart:2923:7)
#348    RenderProxyBoxMixin.performLayout (package:flutter/src/rendering/proxy_box.dart:118:18)
#349    RenderObject.layout (package:flutter/src/rendering/object.dart:2923:7)
#350    RenderProxyBoxMixin.performLayout (package:flutter/src/rendering/proxy_box.dart:118:18)
#351    RenderObject.layout (package:flutter/src/rendering/object.dart:2923:7)
#352    RenderProxyBoxMixin.performLayout (package:flutter/src/rendering/proxy_box.dart:118:18)
#353    RenderObject.layout (package:flutter/src/rendering/object.dart:2923:7)
#354    RenderProxyBoxMixin.performLayout (package:flutter/src/rendering/proxy_box.dart:118:18)
#355    RenderObject.layout (package:flutter/src/rendering/object.dart:2923:7)
#356    RenderView.performLayout (package:flutter/src/rendering/view.dart:292:12)
#357    RenderObject._layoutWithoutResize (package:flutter/src/rendering/object.dart:2771:7)
#358    PipelineOwner.flushLayout (package:flutter/src/rendering/object.dart:1174:18)
#359    PipelineOwner.flushLayout (package:flutter/src/rendering/object.dart:1187:15)
#360    AutomatedTestWidgetsFlutterBinding.drawFrame (package:flutter_test/src/binding.dart:2434:27)
#361    RendererBinding._handlePersistentFrameCallback (package:flutter/src/rendering/binding.dart:558:5)
#362    SchedulerBinding._invokeFrameCallback (package:flutter/src/scheduler/binding.dart:1430:15)
#363    SchedulerBinding.handleDrawFrame (package:flutter/src/scheduler/binding.dart:1345:9)
#364    AutomatedTestWidgetsFlutterBinding.pump.<anonymous closure> (package:flutter_test/src/binding.dart:2261:9)
#367    TestAsyncUtils.guard (package:flutter_test/src/test_async_utils.dart:74:41)
#368    AutomatedTestWidgetsFlutterBinding.pump (package:flutter_test/src/binding.dart:2250:27)
#369    WidgetTester.pumpWidget.<anonymous closure> (package:flutter_test/src/widget_tester.dart:598:22)
#372    TestAsyncUtils.guard (package:flutter_test/src/test_async_utils.dart:74:41)
#373    WidgetTester.pumpWidget (package:flutter_test/src/widget_tester.dart:595:27)
#374    main.<anonymous closure> (file:///C:/Users/ADMIN/Desktop/CocEnglish/apps/mobile/test/status_feed_ui_test.dart:113:22)
#375    testWidgets.<anonymous closure>.<anonymous closure> (package:flutter_test/src/widget_tester.dart:192:29)
<asynchronous suspension>
#376    TestWidgetsFlutterBinding._runTestBody (package:flutter_test/src/binding.dart:1953:5)
<asynchronous suspension>
<asynchronous suspension>
(elided 5 frames from dart:async and package:stack_trace)
════════════════════════════════════════════════════════════════════════════════════════════════════
══╡ EXCEPTION CAUGHT BY FLUTTER TEST FRAMEWORK ╞════════════════════════════════════════════════════
The following TestFailure was thrown running a test:
Expected: null
  Actual: 'Multiple exceptions (2) were detected during the running of the current test, and at
least one was unexpected.'

When the exception was thrown, this was the stack:
#4      main.<anonymous closure> (file:///C:/Users/ADMIN/Desktop/CocEnglish/apps/mobile/test/status_feed_ui_test.dart:119:9)
<asynchronous suspension>
#5      testWidgets.<anonymous closure>.<anonymous closure> (package:flutter_test/src/widget_tester.dart:192:15)
<asynchronous suspension>
#6      TestWidgetsFlutterBinding._runTestBody (package:flutter_test/src/binding.dart:1953:5)
<asynchronous suspension>
<asynchronous suspension>
(elided one frame from package:stack_trace)

This was caught by the test expectation on the following line:
  file:///C:/Users/ADMIN/Desktop/CocEnglish/apps/mobile/test/status_feed_ui_test.dart line 119
The test description was:
  feed and actual status modal width430.0 text2.0
════════════════════════════════════════════════════════════════════════════════════════════════════
00:10 +0 -7: feed and actual status modal width430.0 text2.0 [E]
  Test failed. See exception logs above.
  The test description was: feed and actual status modal width430.0 text2.0
  
00:10 +0 -7: Some tests failed.

Failing tests:
  C:/Users/ADMIN/Desktop/CocEnglish/apps/mobile/test/status_feed_ui_test.dart: actual feed adds friends, profile identity and comment validation work
  C:/Users/ADMIN/Desktop/CocEnglish/apps/mobile/test/status_feed_ui_test.dart: actual league status sheet cancels draft, commits and clears
  C:/Users/ADMIN/Desktop/CocEnglish/apps/mobile/test/status_feed_ui_test.dart: actual status insufficient purchase preserves draft and funded buy spends once
  C:/Users/ADMIN/Desktop/CocEnglish/apps/mobile/test/status_feed_ui_test.dart: feed and actual status modal width360.0 text1.0
  ... and 3 more
